 Date ,Open ,High ,Low ,Close ,Change (Pips) ,Change (%),,OH diff,OL diff.,OC diff,Max,Min,Avg. Max.,2.0998811096
Sep 30, 2014 23:00 ,1208.91,1209.36,1207.84,1207.84,-10.7,-0.09%,0.45,1.07,-1.07,1.07,0.45,Avg. Min.,0.4864597094
Sep 30, 2014 22:00 ,1208.35,1209.98,1207.29,1208.91,5.6,+0.05%,1.63,1.06,0.56,1.63,1.06,,
Sep 30, 2014 21:00 ,1210.04,1210.47,1207.99,1208.29,-17.5,-0.14%,0.43,2.05,-1.75,2.05,0.43,,
Sep 30, 2014 20:00 ,1208.52,1211.74,1207.76,1209.99,14.7,+0.12%,3.22,0.76,1.47,3.22,0.76,,
Sep 30, 2014 19:00 ,1207.79,1208.94,1204.79,1208.54,7.5,+0.06%,1.15,3,0.75,3,1.15,,
Sep 30, 2014 18:00 ,1212.94,1213.04,1206.78,1207.79,-51.5,-0.43%,0.1,6.16,-5.15,6.16,0.1,,
Sep 30, 2014 17:00 ,1217.19,1218.27,1211.79,1212.94,-42.5,-0.35%,1.08,5.4,-4.25,5.4,1.08,,
Sep 30, 2014 16:00 ,1206.3,1220.09,1205.69,1216.44,101.4,+0.83%,13.79,0.61,10.14,13.79,0.61,,
Sep 30, 2014 15:00 ,1206.79,1208.76,1206.05,1206.29,-5,-0.04%,1.97,0.74,-0.5,1.97,0.74,,
Sep 30, 2014 14:00 ,1207.1,1207.84,1204.54,1206.84,-2.6,-0.02%,0.74,2.56,-0.26,2.56,0.74,,
Sep 30, 2014 13:00 ,1209.94,1210.69,1206.69,1207.14,-28,-0.23%,0.75,3.25,-2.8,3.25,0.75,,
Sep 30, 2014 12:00 ,1217.09,1217.27,1209.2,1209.99,-71,-0.59%,0.18,7.89,-7.1,7.89,0.18,,
Sep 30, 2014 11:00 ,1216.06,1217.75,1215.88,1217.09,10.3,+0.08%,1.69,0.18,1.03,1.69,0.18,,
Sep 30, 2014 10:00 ,1216.44,1216.84,1215.74,1216.05,-3.9,-0.03%,0.4,0.7,-0.39,0.7,0.4,,
Sep 30, 2014 09:00 ,1216.8,1217.29,1215.94,1216.49,-3.1,-0.03%,0.49,0.86,-0.31,0.86,0.49,,
Sep 30, 2014 08:00 ,1217.79,1217.86,1216.31,1216.78,-10.1,-0.08%,0.07,1.48,-1.01,1.48,0.07,,
Sep 30, 2014 07:00 ,1217.89,1218.06,1217.26,1217.76,-1.3,-0.01%,0.17,0.63,-0.13,0.63,0.17,,
Sep 30, 2014 06:00 ,1217.79,1218.94,1217.48,1217.89,1,+0.01%,1.15,0.31,0.1,1.15,0.31,,
Sep 30, 2014 05:00 ,1216.91,1217.99,1216.49,1217.86,9.5,+0.08%,1.08,0.42,0.95,1.08,0.42,,
Sep 30, 2014 04:00 ,1216.64,1217.74,1216.34,1216.91,2.7,+0.02%,1.1,0.3,0.27,1.1,0.3,,
Sep 30, 2014 03:00 ,1216.49,1218.14,1215.99,1216.64,1.5,+0.01%,1.65,0.5,0.15,1.65,0.5,,
Sep 30, 2014 02:00 ,1215.34,1216.64,1215.09,1216.49,11.5,+0.09%,1.3,0.25,1.15,1.3,0.25,,
Sep 30, 2014 01:00 ,1214.72,1215.59,1214.59,1215.34,6.2,+0.05%,0.87,0.13,0.62,0.87,0.13,,
Sep 29, 2014 23:00 ,1216.49,1216.52,1214.89,1215.48,-10.1,-0.08%,0.03,1.6,-1.01,1.6,0.03,,
Sep 29, 2014 22:00 ,1217.33,1217.8,1215.59,1216.42,-9.1,-0.07%,0.47,1.74,-0.91,1.74,0.47,,
Sep 29, 2014 21:00 ,1216.78,1218.25,1216.66,1217.34,5.6,+0.05%,1.47,0.12,0.56,1.47,0.12,,
Sep 29, 2014 20:00 ,1217.4,1218.35,1216.75,1216.78,-6.2,-0.05%,0.95,0.65,-0.62,0.95,0.65,,
Sep 29, 2014 19:00 ,1216.6,1218.43,1216.31,1217.48,8.8,+0.07%,1.83,0.29,0.88,1.83,0.29,,
Sep 29, 2014 18:00 ,1218.18,1218.86,1216,1216.51,-16.7,-0.14%,0.68,2.18,-1.67,2.18,0.68,,
Sep 29, 2014 17:00 ,1219.25,1219.64,1216.54,1218.18,-10.7,-0.09%,0.39,2.71,-1.07,2.71,0.39,,
Sep 29, 2014 16:00 ,1220.64,1221.85,1218.34,1219.29,-13.5,-0.11%,1.21,2.3,-1.35,2.3,1.21,,
Sep 29, 2014 15:00 ,1223.06,1223.22,1218.1,1220.64,-24.2,-0.20%,0.16,4.96,-2.42,4.96,0.16,,
Sep 29, 2014 14:00 ,1220.46,1223.3,1219.56,1223.09,26.3,+0.22%,2.84,0.9,2.63,2.84,0.9,,
Sep 29, 2014 13:00 ,1218.96,1221.26,1218.86,1220.46,15,+0.12%,2.3,0.1,1.5,2.3,0.1,,
Sep 29, 2014 12:00 ,1219.54,1220.16,1217.86,1218.93,-6.1,-0.05%,0.62,1.68,-0.61,1.68,0.62,,
Sep 29, 2014 11:00 ,1220.39,1220.89,1218.6,1219.54,-8.5,-0.07%,0.5,1.79,-0.85,1.79,0.5,,
Sep 29, 2014 10:00 ,1218.77,1220.84,1218.1,1220.39,16.2,+0.13%,2.07,0.67,1.62,2.07,0.67,,
Sep 29, 2014 09:00 ,1216.49,1219.19,1215.92,1218.76,22.7,+0.19%,2.7,0.57,2.27,2.7,0.57,,
Sep 29, 2014 08:00 ,1216.94,1216.94,1215.2,1216.49,-4.5,-0.04%,0,1.74,-0.45,1.74,0,,
Sep 29, 2014 07:00 ,1218.3,1218.68,1216.75,1216.94,-13.6,-0.11%,0.38,1.55,-1.36,1.55,0.38,,
Sep 29, 2014 06:00 ,1218.41,1218.59,1217.29,1218.35,-0.6,+0.00%,0.18,1.12,-0.06,1.12,0.18,,
Sep 29, 2014 05:00 ,1218.94,1219.08,1218.32,1218.42,-5.2,-0.04%,0.14,0.62,-0.52,0.62,0.14,,
Sep 29, 2014 04:00 ,1218.03,1218.94,1216.56,1218.9,8.7,+0.07%,0.91,1.47,0.87,1.47,0.91,,
Sep 29, 2014 03:00 ,1216.45,1219.27,1216.33,1218.06,16.1,+0.13%,2.82,0.12,1.61,2.82,0.12,,
Sep 29, 2014 02:00 ,1216.85,1217.75,1216.12,1216.47,-3.8,-0.03%,0.9,0.73,-0.38,0.9,0.73,,
Sep 29, 2014 01:00 ,1218.37,1218.8,1215.7,1216.85,-15.2,-0.12%,0.43,2.67,-1.52,2.67,0.43,,
Sep 29, 2014 00:00 ,1218.47,1218.47,1218.3,1218.3,-1.7,-0.01%,0,0.17,-0.17,0.17,0,,
Sep 26, 2014 23:00 ,1217.38,1218.18,1217.19,1217.64,2.6,+0.02%,0.8,0.19,0.26,0.8,0.19,,
Sep 26, 2014 22:00 ,1214.91,1217.69,1214.69,1217.4,24.9,+0.20%,2.78,0.22,2.49,2.78,0.22,,
Sep 26, 2014 21:00 ,1214.89,1215.01,1214.1,1214.81,-0.8,-0.01%,0.12,0.79,-0.08,0.79,0.12,,
Sep 26, 2014 20:00 ,1214.76,1215.4,1214.03,1214.9,1.4,+0.01%,0.64,0.73,0.14,0.73,0.64,,
Sep 26, 2014 19:00 ,1214.63,1215.16,1213.48,1214.71,0.8,+0.01%,0.53,1.15,0.08,1.15,0.53,,
Sep 26, 2014 18:00 ,1215.37,1216.44,1214.45,1214.63,-7.4,-0.06%,1.07,0.92,-0.74,1.07,0.92,,
Sep 26, 2014 17:00 ,1214.92,1215.64,1212.31,1215.39,4.7,+0.04%,0.72,2.61,0.47,2.61,0.72,,
Sep 26, 2014 16:00 ,1215.54,1218.24,1213.94,1214.83,-7.1,-0.06%,2.7,1.6,-0.71,2.7,1.6,,
Sep 26, 2014 15:00 ,1219.26,1220.78,1214.54,1215.54,-37.2,-0.31%,1.52,4.72,-3.72,4.72,1.52,,
Sep 26, 2014 14:00 ,1221.74,1222.31,1217.9,1219.44,-23,-0.19%,0.57,3.84,-2.3,3.84,0.57,,
Sep 26, 2014 13:00 ,1222.78,1223.89,1221.69,1221.74,-10.4,-0.09%,1.11,1.09,-1.04,1.11,1.09,,
Sep 26, 2014 12:00 ,1223.78,1224.34,1222.19,1222.84,-9.4,-0.08%,0.56,1.59,-0.94,1.59,0.56,,
Sep 26, 2014 11:00 ,1224.92,1225.24,1222.77,1223.84,-10.8,-0.09%,0.32,2.15,-1.08,2.15,0.32,,
Sep 26, 2014 10:00 ,1226.94,1227.04,1224.82,1225.02,-19.2,-0.16%,0.1,2.12,-1.92,2.12,0.1,,
Sep 26, 2014 09:00 ,1223.18,1231.25,1222.99,1226.94,37.6,+0.31%,8.07,0.19,3.76,8.07,0.19,,
Sep 26, 2014 08:00 ,1222.64,1224.09,1221.74,1223.19,5.5,+0.04%,1.45,0.9,0.55,1.45,0.9,,
Sep 26, 2014 07:00 ,1223.64,1224.49,1222.59,1222.59,-10.5,-0.09%,0.85,1.05,-1.05,1.05,0.85,,
Sep 26, 2014 06:00 ,1223.78,1225.23,1223.67,1223.68,-1,-0.01%,1.45,0.11,-0.1,1.45,0.11,,
Sep 26, 2014 05:00 ,1225.74,1226.09,1222.79,1223.88,-18.6,-0.15%,0.35,2.95,-1.86,2.95,0.35,,
Sep 26, 2014 04:00 ,1223.33,1228.31,1223.33,1225.74,24.1,+0.20%,4.98,0,2.41,4.98,0,,
Sep 26, 2014 03:00 ,1222.74,1224.06,1222.64,1223.24,5,+0.04%,1.32,0.1,0.5,1.32,0.1,,
Sep 26, 2014 02:00 ,1222.13,1223.98,1221.83,1222.63,5,+0.04%,1.85,0.3,0.5,1.85,0.3,,
Sep 26, 2014 01:00 ,1220.62,1222.2,1220.27,1222.04,14.2,+0.12%,1.58,0.35,1.42,1.58,0.35,,
Sep 25, 2014 23:00 ,1220.74,1222.03,1220.34,1221.14,4,+0.03%,1.29,0.4,0.4,1.29,0.4,,
Sep 25, 2014 22:00 ,1222.24,1222.55,1220.73,1220.76,-14.8,-0.12%,0.31,1.51,-1.48,1.51,0.31,,
Sep 25, 2014 21:00 ,1222.55,1224.44,1221.55,1222.24,-3.1,-0.03%,1.89,1,-0.31,1.89,1,,
Sep 25, 2014 20:00 ,1220.17,1223.84,1219.78,1222.54,23.7,+0.19%,3.67,0.39,2.37,3.67,0.39,,
Sep 25, 2014 19:00 ,1221.5,1222.04,1219.64,1220.09,-14.1,-0.12%,0.54,1.86,-1.41,1.86,0.54,,
Sep 25, 2014 18:00 ,1220.82,1221.72,1217.42,1221.44,6.2,+0.05%,0.9,3.4,0.62,3.4,0.9,,
Sep 25, 2014 17:00 ,1214.75,1224.11,1213.51,1220.87,61.2,+0.50%,9.36,1.24,6.12,9.36,1.24,,
Sep 25, 2014 16:00 ,1211.94,1216.68,1208.19,1214.68,27.4,+0.23%,4.74,3.75,2.74,4.74,3.75,,
Sep 25, 2014 15:00 ,1210.97,1213.74,1210.18,1211.94,9.7,+0.08%,2.77,0.79,0.97,2.77,0.79,,
Sep 25, 2014 14:00 ,1208.9,1211.09,1208.42,1210.94,20.4,+0.17%,2.19,0.48,2.04,2.19,0.48,,
Sep 25, 2014 13:00 ,1210.21,1210.57,1208.21,1208.9,-13.1,-0.11%,0.36,2,-1.31,2,0.36,,
Sep 25, 2014 12:00 ,1210.74,1211.44,1209.75,1210.23,-5.1,-0.04%,0.7,0.99,-0.51,0.99,0.7,,
Sep 25, 2014 11:00 ,1208.38,1211.19,1207.65,1210.74,23.6,+0.19%,2.81,0.73,2.36,2.81,0.73,,
Sep 25, 2014 10:00 ,1210.08,1210.74,1206.9,1208.59,-14.9,-0.12%,0.66,3.18,-1.49,3.18,0.66,,
Sep 25, 2014 09:00 ,1211.54,1212.69,1208.88,1210.05,-14.9,-0.12%,1.15,2.66,-1.49,2.66,1.15,,
Sep 25, 2014 08:00 ,1213.93,1215.03,1211.54,1211.56,-23.7,-0.20%,1.1,2.39,-2.37,2.39,1.1,,
Sep 25, 2014 07:00 ,1214.6,1214.74,1213.64,1213.85,-7.5,-0.06%,0.14,0.96,-0.75,0.96,0.14,,
Sep 25, 2014 06:00 ,1213.94,1215.54,1213.64,1214.7,7.6,+0.06%,1.6,0.3,0.76,1.6,0.3,,
Sep 25, 2014 05:00 ,1213.66,1214.74,1212.71,1214.07,4.1,+0.03%,1.08,0.95,0.41,1.08,0.95,,
Sep 25, 2014 04:00 ,1214.29,1214.89,1212.54,1213.69,-6,-0.05%,0.6,1.75,-0.6,1.75,0.6,,
Sep 25, 2014 03:00 ,1215.69,1215.73,1213.16,1214.34,-13.5,-0.11%,0.04,2.53,-1.35,2.53,0.04,,
Sep 25, 2014 02:00 ,1216.44,1216.84,1215.19,1215.73,-7.1,-0.06%,0.4,1.25,-0.71,1.25,0.4,,
Sep 25, 2014 01:00 ,1216.58,1216.99,1215.84,1216.59,0.1,+0.00%,0.41,0.74,0.01,0.74,0.41,,
Sep 24, 2014 23:00 ,1217.11,1217.24,1216.6,1216.65,-4.6,-0.04%,0.13,0.51,-0.46,0.51,0.13,,
Sep 24, 2014 22:00 ,1218.18,1218.68,1216.73,1217.12,-10.6,-0.09%,0.5,1.45,-1.06,1.45,0.5,,
Sep 24, 2014 21:00 ,1217.29,1218.3,1216.73,1218.13,8.4,+0.07%,1.01,0.56,0.84,1.01,0.56,,
Sep 24, 2014 20:00 ,1217.94,1219.18,1217.16,1217.3,-6.4,-0.05%,1.24,0.78,-0.64,1.24,0.78,,
Sep 24, 2014 19:00 ,1217.45,1218.94,1216.9,1217.86,4.1,+0.03%,1.49,0.55,0.41,1.49,0.55,,
Sep 24, 2014 18:00 ,1220.17,1220.48,1215.69,1217.45,-27.2,-0.22%,0.31,4.48,-2.72,4.48,0.31,,
Sep 24, 2014 17:00 ,1217.99,1223.84,1216.99,1220.19,22,+0.18%,5.85,1,2.2,5.85,1,,
Sep 24, 2014 16:00 ,1220.76,1220.78,1216.57,1217.99,-27.7,-0.23%,0.02,4.19,-2.77,4.19,0.02,,
Sep 24, 2014 15:00 ,1221.54,1222.24,1217.89,1220.77,-7.7,-0.06%,0.7,3.65,-0.77,3.65,0.7,,
Sep 24, 2014 14:00 ,1222.1,1222.19,1219.97,1221.59,-5.1,-0.04%,0.09,2.13,-0.51,2.13,0.09,,
Sep 24, 2014 13:00 ,1224.55,1225.64,1220.74,1222.1,-24.5,-0.20%,1.09,3.81,-2.45,3.81,1.09,,
Sep 24, 2014 12:00 ,1221.74,1226.04,1221.25,1224.49,27.5,+0.22%,4.3,0.49,2.75,4.3,0.49,,
Sep 24, 2014 11:00 ,1224.39,1224.57,1221.69,1221.74,-26.5,-0.22%,0.18,2.7,-2.65,2.7,0.18,,
Sep 24, 2014 10:00 ,1224.77,1225.83,1223.79,1224.41,-3.6,-0.03%,1.06,0.98,-0.36,1.06,0.98,,
Sep 24, 2014 09:00 ,1223.29,1225.64,1222.81,1224.78,14.9,+0.12%,2.35,0.48,1.49,2.35,0.48,,
Sep 24, 2014 08:00 ,1223.54,1224.38,1222.92,1223.29,-2.5,-0.02%,0.84,0.62,-0.25,0.84,0.62,,
Sep 24, 2014 07:00 ,1223.34,1223.65,1222.49,1223.44,1,+0.01%,0.31,0.85,0.1,0.85,0.31,,
Sep 24, 2014 06:00 ,1222.71,1224.09,1222.16,1223.34,6.3,+0.05%,1.38,0.55,0.63,1.38,0.55,,
Sep 24, 2014 05:00 ,1222.98,1223.29,1220.81,1222.75,-2.3,-0.02%,0.31,2.17,-0.23,2.17,0.31,,
Sep 24, 2014 04:00 ,1221.19,1223.39,1220.3,1223.02,18.3,+0.15%,2.2,0.89,1.83,2.2,0.89,,
Sep 24, 2014 03:00 ,1221.81,1222.25,1220.97,1221.34,-4.7,-0.04%,0.44,0.84,-0.47,0.84,0.44,,
Sep 24, 2014 02:00 ,1221.87,1223.59,1221.65,1221.84,-0.3,+0.00%,1.72,0.22,-0.03,1.72,0.22,,
Sep 24, 2014 01:00 ,1222.21,1223.02,1222.01,1222.01,-2,-0.02%,0.81,0.2,-0.2,0.81,0.2,,
Sep 23, 2014 23:00 ,1222.79,1224.34,1222.36,1223.03,2.4,+0.02%,1.55,0.43,0.24,1.55,0.43,,
Sep 23, 2014 22:00 ,1224.44,1224.52,1221.5,1222.87,-15.7,-0.13%,0.08,2.94,-1.57,2.94,0.08,,
Sep 23, 2014 21:00 ,1221.95,1224.55,1221.93,1224.45,25,+0.20%,2.6,0.02,2.5,2.6,0.02,,
Sep 23, 2014 20:00 ,1221.19,1222.23,1220.65,1222.04,8.5,+0.07%,1.04,0.54,0.85,1.04,0.54,,
Sep 23, 2014 19:00 ,1223.03,1223.14,1220.46,1221.21,-18.2,-0.15%,0.11,2.57,-1.82,2.57,0.11,,
Sep 23, 2014 18:00 ,1221.92,1223.59,1221.19,1223.02,11,+0.09%,1.67,0.73,1.1,1.67,0.73,,
Sep 23, 2014 17:00 ,1221.69,1223.09,1219.94,1221.89,2,+0.02%,1.4,1.75,0.2,1.75,1.4,,
Sep 23, 2014 16:00 ,1225.69,1227.59,1221.54,1221.74,-39.5,-0.32%,1.9,4.15,-3.95,4.15,1.9,,
Sep 23, 2014 15:00 ,1232.7,1232.91,1224.99,1225.76,-69.4,-0.57%,0.21,7.71,-6.94,7.71,0.21,,
Sep 23, 2014 14:00 ,1232.61,1233.86,1231.16,1232.74,1.3,+0.01%,1.25,1.45,0.13,1.45,1.25,,
Sep 23, 2014 13:00 ,1225.34,1235.67,1224.89,1232.29,69.5,+0.56%,10.33,0.45,6.95,10.33,0.45,,
Sep 23, 2014 12:00 ,1223.64,1226.79,1223.26,1225.28,16.4,+0.13%,3.15,0.38,1.64,3.15,0.38,,
Sep 23, 2014 11:00 ,1217.7,1227.14,1217.62,1223.57,58.7,+0.48%,9.44,0.08,5.87,9.44,0.08,,
Sep 23, 2014 10:00 ,1216.31,1218.1,1215.88,1217.66,13.5,+0.11%,1.79,0.43,1.35,1.79,0.43,,
Sep 23, 2014 09:00 ,1218.91,1219.22,1215.49,1216.32,-25.9,-0.21%,0.31,3.42,-2.59,3.42,0.31,,
Sep 23, 2014 08:00 ,1219.33,1219.88,1218.29,1218.95,-3.8,-0.03%,0.55,1.04,-0.38,1.04,0.55,,
Sep 23, 2014 07:00 ,1218.19,1220.14,1218.09,1219.38,11.9,+0.10%,1.95,0.1,1.19,1.95,0.1,,
Sep 23, 2014 06:00 ,1218.19,1218.49,1217.24,1218.24,0.5,+0.00%,0.3,0.95,0.05,0.95,0.3,,
Sep 23, 2014 05:00 ,1219.19,1219.19,1217.25,1218.14,-10.5,-0.09%,0,1.94,-1.05,1.94,0,,
Sep 23, 2014 04:00 ,1215.59,1219.24,1215.34,1219.19,36,+0.30%,3.65,0.25,3.6,3.65,0.25,,
Sep 23, 2014 03:00 ,1214.88,1216.17,1214.17,1215.59,7.1,+0.06%,1.29,0.71,0.71,1.29,0.71,,
Sep 23, 2014 02:00 ,1214.55,1215.47,1214.27,1214.92,3.7,+0.03%,0.92,0.28,0.37,0.92,0.28,,
Sep 23, 2014 01:00 ,1214.12,1216.43,1214.12,1214.74,6.2,+0.05%,2.31,0,0.62,2.31,0,,
Sep 22, 2014 23:00 ,1215.14,1216.42,1214.09,1214.56,-5.8,-0.05%,1.28,1.05,-0.58,1.28,1.05,,
Sep 22, 2014 22:00 ,1216.98,1217.17,1214.37,1215.17,-18.1,-0.15%,0.19,2.61,-1.81,2.61,0.19,,
Sep 22, 2014 21:00 ,1216.89,1217.69,1216.74,1216.99,1,+0.01%,0.8,0.15,0.1,0.8,0.15,,
Sep 22, 2014 20:00 ,1217.09,1218.09,1216.06,1216.84,-2.5,-0.02%,1,1.03,-0.25,1.03,1,,
Sep 22, 2014 19:00 ,1219.14,1220.34,1216.49,1217.02,-21.2,-0.17%,1.2,2.65,-2.12,2.65,1.2,,
Sep 22, 2014 18:00 ,1213.49,1219.52,1212.16,1219.09,56,+0.46%,6.03,1.33,5.6,6.03,1.33,,
Sep 22, 2014 17:00 ,1214.16,1215.35,1212.66,1213.49,-6.7,-0.06%,1.19,1.5,-0.67,1.5,1.19,,
Sep 22, 2014 16:00 ,1214.88,1215.62,1211.99,1213.94,-9.4,-0.08%,0.74,2.89,-0.94,2.89,0.74,,
Sep 22, 2014 15:00 ,1214.52,1217.22,1214.39,1214.93,4.1,+0.03%,2.7,0.13,0.41,2.7,0.13,,
Sep 22, 2014 14:00 ,1214.34,1215.22,1212.29,1214.51,1.7,+0.01%,0.88,2.05,0.17,2.05,0.88,,
Sep 22, 2014 13:00 ,1214.54,1215.05,1212.77,1214.32,-2.2,-0.02%,0.51,1.77,-0.22,1.77,0.51,,
Sep 22, 2014 12:00 ,1214.77,1215.79,1213.82,1214.64,-1.3,-0.01%,1.02,0.95,-0.13,1.02,0.95,,
Sep 22, 2014 11:00 ,1214.69,1216.02,1214.52,1214.77,0.8,+0.01%,1.33,0.17,0.08,1.33,0.17,,
Sep 22, 2014 10:00 ,1214.12,1215.77,1213.69,1214.62,5,+0.04%,1.65,0.43,0.5,1.65,0.43,,
Sep 22, 2014 09:00 ,1212.98,1214.87,1211.78,1214.12,11.4,+0.09%,1.89,1.2,1.14,1.89,1.2,,
Sep 22, 2014 08:00 ,1213.29,1214.04,1210.64,1212.96,-3.3,-0.03%,0.75,2.65,-0.33,2.65,0.75,,
Sep 22, 2014 07:00 ,1213.14,1213.99,1212.74,1213.33,1.9,+0.02%,0.85,0.4,0.19,0.85,0.4,,
Sep 22, 2014 06:00 ,1213.14,1214.29,1212.95,1213.19,0.5,+0.00%,1.15,0.19,0.05,1.15,0.19,,
Sep 22, 2014 05:00 ,1212.06,1214.49,1211.84,1213.16,11,+0.09%,2.43,0.22,1.1,2.43,0.22,,
Sep 22, 2014 04:00 ,1217.24,1217.24,1208.14,1211.96,-52.8,-0.44%,0,9.1,-5.28,9.1,0,,
Sep 22, 2014 03:00 ,1216.1,1217.85,1215.82,1217.29,11.9,+0.10%,1.75,0.28,1.19,1.75,0.28,,
Sep 22, 2014 02:00 ,1214.88,1216.35,1214.75,1216.05,11.7,+0.10%,1.47,0.13,1.17,1.47,0.13,,
Sep 22, 2014 01:00 ,1215.12,1216.28,1214.7,1214.81,-3.1,-0.03%,1.16,0.42,-0.31,1.16,0.42,,
Sep 19, 2014 23:00 ,1217.63,1217.69,1214.83,1215.46,-21.7,-0.18%,0.06,2.8,-2.17,2.8,0.06,,
Sep 19, 2014 22:00 ,1215.44,1217.71,1215.44,1217.54,21,+0.17%,2.27,0,2.1,2.27,0,,
Sep 19, 2014 21:00 ,1215.34,1216.39,1214.75,1215.45,1.1,+0.01%,1.05,0.59,0.11,1.05,0.59,,
Sep 19, 2014 20:00 ,1216.89,1217.19,1213.75,1215.44,-14.5,-0.12%,0.3,3.14,-1.45,3.14,0.3,,
Sep 19, 2014 19:00 ,1218.17,1218.82,1215.39,1216.96,-12.1,-0.10%,0.65,2.78,-1.21,2.78,0.65,,
Sep 19, 2014 18:00 ,1217.14,1220.34,1216.42,1218.17,10.3,+0.08%,3.2,0.72,1.03,3.2,0.72,,
Sep 19, 2014 17:00 ,1219.84,1221.34,1214.27,1217.29,-25.5,-0.21%,1.5,5.57,-2.55,5.57,1.5,,
Sep 19, 2014 16:00 ,1224.64,1224.74,1218.92,1219.89,-47.5,-0.39%,0.1,5.72,-4.75,5.72,0.1,,
Sep 19, 2014 15:00 ,1222.74,1225.67,1221.07,1224.64,19,+0.16%,2.93,1.67,1.9,2.93,1.67,,
Sep 19, 2014 14:00 ,1221.99,1223.39,1221.55,1222.7,7.1,+0.06%,1.4,0.44,0.71,1.4,0.44,,
Sep 19, 2014 13:00 ,1222.84,1222.89,1220.84,1222,-8.4,-0.07%,0.05,2,-0.84,2,0.05,,
Sep 19, 2014 12:00 ,1222.79,1223.35,1221.79,1222.89,1,+0.01%,0.56,1,0.1,1,0.56,,
Sep 19, 2014 11:00 ,1222.4,1223.26,1220.28,1222.81,4.1,+0.03%,0.86,2.12,0.41,2.12,0.86,,
Sep 19, 2014 10:00 ,1220.86,1223.59,1220.64,1222.47,16.1,+0.13%,2.73,0.22,1.61,2.73,0.22,,
Sep 19, 2014 09:00 ,1223.64,1224.99,1220.68,1220.93,-27.1,-0.22%,1.35,2.96,-2.71,2.96,1.35,,
Sep 19, 2014 08:00 ,1221.41,1226.79,1218.79,1223.6,21.9,+0.18%,5.38,2.62,2.19,5.38,2.62,,
Sep 19, 2014 07:00 ,1228.08,1228.22,1221.09,1221.41,-66.7,-0.55%,0.14,6.99,-6.67,6.99,0.14,,
Sep 19, 2014 06:00 ,1223.19,1228.56,1223.19,1228.12,49.3,+0.40%,5.37,0,4.93,5.37,0,,
Sep 19, 2014 05:00 ,1222.04,1223.58,1220.99,1223.09,10.5,+0.09%,1.54,1.05,1.05,1.54,1.05,,
Sep 19, 2014 04:00 ,1224.12,1224.66,1218.24,1222.09,-20.3,-0.17%,0.54,5.88,-2.03,5.88,0.54,,
Sep 19, 2014 03:00 ,1224.87,1225.08,1223.38,1224.06,-8.1,-0.07%,0.21,1.49,-0.81,1.49,0.21,,
Sep 19, 2014 02:00 ,1225.84,1225.84,1224.77,1224.84,-10,-0.08%,0,1.07,-1,1.07,0,,
Sep 19, 2014 01:00 ,1224.84,1226.57,1224.84,1225.84,10,+0.08%,1.73,0,1,1.73,0,,
Sep 18, 2014 23:00 ,1224.76,1225.61,1224.46,1224.7,-0.6,+0.00%,0.85,0.3,-0.06,0.85,0.3,,
Sep 18, 2014 22:00 ,1226.21,1226.56,1224.71,1224.71,-15,-0.12%,0.35,1.5,-1.5,1.5,0.35,,
Sep 18, 2014 21:00 ,1226.29,1226.76,1225.61,1226.21,-0.8,-0.01%,0.47,0.68,-0.08,0.68,0.47,,
Sep 18, 2014 20:00 ,1226.23,1226.98,1225.33,1226.21,-0.2,+0.00%,0.75,0.9,-0.02,0.9,0.75,,
Sep 18, 2014 19:00 ,1226.37,1227.03,1225.73,1226.18,-1.9,-0.02%,0.66,0.64,-0.19,0.66,0.64,,
Sep 18, 2014 18:00 ,1225.69,1227.02,1224.93,1226.33,6.4,+0.05%,1.33,0.76,0.64,1.33,0.76,,
Sep 18, 2014 17:00 ,1220.89,1227.84,1218.59,1225.74,48.5,+0.40%,6.95,2.3,4.85,6.95,2.3,,
Sep 18, 2014 16:00 ,1220.28,1222.14,1219.11,1220.84,5.6,+0.05%,1.86,1.17,0.56,1.86,1.17,,
Sep 18, 2014 15:00 ,1220.18,1222.19,1215.93,1220.26,0.8,+0.01%,2.01,4.25,0.08,4.25,2.01,,
Sep 18, 2014 14:00 ,1223.78,1224.71,1219.6,1220.08,-37,-0.30%,0.93,4.18,-3.7,4.18,0.93,,
Sep 18, 2014 13:00 ,1223.15,1224.21,1222.72,1223.69,5.4,+0.04%,1.06,0.43,0.54,1.06,0.43,,
Sep 18, 2014 12:00 ,1222.99,1224.02,1222.32,1223.12,1.3,+0.01%,1.03,0.67,0.13,1.03,0.67,,
Sep 18, 2014 11:00 ,1224.5,1225.54,1222.99,1222.99,-15.1,-0.12%,1.04,1.51,-1.51,1.51,1.04,,
Sep 18, 2014 10:00 ,1223.9,1224.79,1222.08,1224.47,5.7,+0.05%,0.89,1.82,0.57,1.82,0.89,,
Sep 18, 2014 09:00 ,1224,1224.69,1223.18,1223.88,-1.2,-0.01%,0.69,0.82,-0.12,0.82,0.69,,
Sep 18, 2014 08:00 ,1222.69,1224.33,1222.49,1224.03,13.4,+0.11%,1.64,0.2,1.34,1.64,0.2,,
Sep 18, 2014 07:00 ,1223.14,1223.89,1222.49,1222.74,-4,-0.03%,0.75,0.65,-0.4,0.75,0.65,,
Sep 18, 2014 06:00 ,1223.79,1223.94,1222.83,1223.09,-7,-0.06%,0.15,0.96,-0.7,0.96,0.15,,
Sep 18, 2014 05:00 ,1223.38,1223.99,1222.39,1223.74,3.6,+0.03%,0.61,0.99,0.36,0.99,0.61,,
Sep 18, 2014 04:00 ,1223.14,1223.59,1221.34,1223.39,2.5,+0.02%,0.45,1.8,0.25,1.8,0.45,,
Sep 18, 2014 03:00 ,1219.64,1223.51,1219.64,1223.11,34.7,+0.28%,3.87,0,3.47,3.87,0,,
Sep 18, 2014 02:00 ,1217.43,1219.74,1217.13,1219.71,22.8,+0.19%,2.31,0.3,2.28,2.31,0.3,,
Sep 18, 2014 01:00 ,1222.14,1222.64,1216.09,1217.33,-48.1,-0.40%,0.5,6.05,-4.81,6.05,0.5,,
Sep 17, 2014 23:00 ,1222.35,1224.74,1221.39,1223.3,9.5,+0.08%,2.39,0.96,0.95,2.39,0.96,,
Sep 17, 2014 22:00 ,1231.09,1233.15,1221.69,1222.27,-88.2,-0.72%,2.06,9.4,-8.82,9.4,2.06,,
Sep 17, 2014 21:00 ,1236.96,1239.29,1227.38,1231.04,-59.2,-0.48%,2.33,9.58,-5.92,9.58,2.33,,
Sep 17, 2014 20:00 ,1235.84,1236.99,1234.73,1236.96,11.2,+0.09%,1.15,1.11,1.12,1.15,1.11,,
Sep 17, 2014 19:00 ,1234.74,1236.42,1233.9,1235.84,11,+0.09%,1.68,0.84,1.1,1.68,0.84,,
Sep 17, 2014 18:00 ,1235.91,1236.64,1234.52,1234.78,-11.3,-0.09%,0.73,1.39,-1.13,1.39,0.73,,
Sep 17, 2014 17:00 ,1235.94,1236.65,1234.64,1235.91,-0.3,+0.00%,0.71,1.3,-0.03,1.3,0.71,,
Sep 17, 2014 16:00 ,1236.72,1237.53,1235.7,1235.94,-7.8,-0.06%,0.81,1.02,-0.78,1.02,0.81,,
Sep 17, 2014 15:00 ,1236.16,1239.15,1234.93,1236.7,5.4,+0.04%,2.99,1.23,0.54,2.99,1.23,,
Sep 17, 2014 14:00 ,1237.81,1237.97,1236.16,1236.16,-16.5,-0.13%,0.16,1.65,-1.65,1.65,0.16,,
Sep 17, 2014 13:00 ,1236.49,1238.04,1236.24,1237.69,12,+0.10%,1.55,0.25,1.2,1.55,0.25,,
Sep 17, 2014 12:00 ,1236.34,1236.84,1234.74,1236.49,1.5,+0.01%,0.5,1.6,0.15,1.6,0.5,,
Sep 17, 2014 11:00 ,1234.89,1236.39,1234.79,1236.34,14.5,+0.12%,1.5,0.1,1.45,1.5,0.1,,
Sep 17, 2014 10:00 ,1238.38,1238.47,1234.69,1234.89,-34.9,-0.28%,0.09,3.69,-3.49,3.69,0.09,,
Sep 17, 2014 09:00 ,1238.04,1239.06,1236.79,1238.38,3.4,+0.03%,1.02,1.25,0.34,1.25,1.02,,
Sep 17, 2014 08:00 ,1236.42,1238.15,1236.16,1237.99,15.7,+0.13%,1.73,0.26,1.57,1.73,0.26,,
Sep 17, 2014 07:00 ,1236.68,1237.05,1236.24,1236.37,-3.1,-0.03%,0.37,0.44,-0.31,0.44,0.37,,
Sep 17, 2014 06:00 ,1236.96,1237.21,1236.66,1236.71,-2.5,-0.02%,0.25,0.3,-0.25,0.3,0.25,,
Sep 17, 2014 05:00 ,1236.99,1238.18,1236.04,1237.04,0.5,+0.00%,1.19,0.95,0.05,1.19,0.95,,
Sep 17, 2014 04:00 ,1236.63,1237.88,1235.59,1236.98,3.5,+0.03%,1.25,1.04,0.35,1.25,1.04,,
Sep 17, 2014 03:00 ,1235.01,1236.64,1234.39,1236.64,16.3,+0.13%,1.63,0.62,1.63,1.63,0.62,,
Sep 17, 2014 02:00 ,1234.74,1235.04,1234.49,1235.02,2.8,+0.02%,0.3,0.25,0.28,0.3,0.25,,
Sep 17, 2014 01:00 ,1232.79,1234.94,1232.79,1234.79,20,+0.16%,2.15,0,2,2.15,0,,
Sep 16, 2014 23:00 ,1235.44,1235.81,1235.21,1235.23,-2.1,-0.02%,0.37,0.23,-0.21,0.37,0.23,,
Sep 16, 2014 22:00 ,1236.64,1236.84,1235.09,1235.44,-12,-0.10%,0.2,1.55,-1.2,1.55,0.2,,
Sep 16, 2014 21:00 ,1237.04,1237.71,1236.14,1236.54,-5,-0.04%,0.67,0.9,-0.5,0.9,0.67,,
Sep 16, 2014 20:00 ,1236.94,1237.6,1235.37,1237.19,2.5,+0.02%,0.66,1.57,0.25,1.57,0.66,,
Sep 16, 2014 19:00 ,1239.5,1241.77,1236.46,1236.93,-25.7,-0.21%,2.27,3.04,-2.57,3.04,2.27,,
Sep 16, 2014 18:00 ,1232.76,1240.38,1232.59,1239.27,65.1,+0.53%,7.62,0.17,6.51,7.62,0.17,,
Sep 16, 2014 17:00 ,1233.53,1234.34,1231.74,1232.89,-6.4,-0.05%,0.81,1.79,-0.64,1.79,0.81,,
Sep 16, 2014 16:00 ,1235.24,1236.69,1232.47,1233.57,-16.7,-0.14%,1.45,2.77,-1.67,2.77,1.45,,
Sep 16, 2014 15:00 ,1237.48,1237.92,1234.59,1235.26,-22.2,-0.18%,0.44,2.89,-2.22,2.89,0.44,,
Sep 16, 2014 14:00 ,1239.07,1239.82,1236.14,1237.24,-18.3,-0.15%,0.75,2.93,-1.83,2.93,0.75,,
Sep 16, 2014 13:00 ,1238.68,1242.18,1238.44,1238.99,3.1,+0.03%,3.5,0.24,0.31,3.5,0.24,,
Sep 16, 2014 12:00 ,1239.89,1240.06,1237.74,1238.58,-13.1,-0.11%,0.17,2.15,-1.31,2.15,0.17,,
Sep 16, 2014 11:00 ,1237.04,1241.09,1236.49,1239.88,28.4,+0.23%,4.05,0.55,2.84,4.05,0.55,,
Sep 16, 2014 10:00 ,1235.66,1237.94,1235.43,1237.14,14.8,+0.12%,2.28,0.23,1.48,2.28,0.23,,
Sep 16, 2014 09:00 ,1235.79,1236.19,1234.74,1235.63,-1.6,-0.01%,0.4,1.05,-0.16,1.05,0.4,,
Sep 16, 2014 08:00 ,1236.08,1236.94,1235.64,1235.79,-2.9,-0.02%,0.86,0.44,-0.29,0.86,0.44,,
Sep 16, 2014 07:00 ,1236.64,1236.89,1235.91,1236.02,-6.2,-0.05%,0.25,0.73,-0.62,0.73,0.25,,
Sep 16, 2014 06:00 ,1236.5,1236.88,1235.98,1236.68,1.8,+0.01%,0.38,0.52,0.18,0.52,0.38,,
Sep 16, 2014 05:00 ,1237.49,1237.67,1236.41,1236.48,-10.1,-0.08%,0.18,1.08,-1.01,1.08,0.18,,
Sep 16, 2014 04:00 ,1233.61,1238.41,1233.31,1237.49,38.8,+0.31%,4.8,0.3,3.88,4.8,0.3,,
Sep 16, 2014 03:00 ,1233.42,1233.73,1232.48,1233.62,2,+0.02%,0.31,0.94,0.2,0.94,0.31,,
Sep 16, 2014 02:00 ,1232.88,1233.47,1232.62,1233.39,5.1,+0.04%,0.59,0.26,0.51,0.59,0.26,,
Sep 16, 2014 01:00 ,1232.41,1233.87,1231.87,1232.87,4.6,+0.04%,1.46,0.54,0.46,1.46,0.54,,
Sep 15, 2014 23:00 ,1233.71,1234.07,1232.97,1233.04,-6.7,-0.05%,0.36,0.74,-0.67,0.74,0.36,,
Sep 15, 2014 22:00 ,1233.43,1234.06,1232.88,1233.74,3.1,+0.03%,0.63,0.55,0.31,0.63,0.55,,
Sep 15, 2014 21:00 ,1234.29,1234.49,1233.14,1233.34,-9.5,-0.08%,0.2,1.15,-0.95,1.15,0.2,,
Sep 15, 2014 20:00 ,1234.62,1235.52,1233.84,1234.34,-2.8,-0.02%,0.9,0.78,-0.28,0.9,0.78,,
Sep 15, 2014 19:00 ,1233.19,1234.74,1232.99,1234.59,14,+0.11%,1.55,0.2,1.4,1.55,0.2,,
Sep 15, 2014 18:00 ,1233.18,1234.09,1232.64,1233.24,0.6,+0.00%,0.91,0.54,0.06,0.91,0.54,,
Sep 15, 2014 17:00 ,1234.19,1234.74,1231.58,1233.18,-10.1,-0.08%,0.55,2.61,-1.01,2.61,0.55,,
Sep 15, 2014 16:00 ,1233.84,1236.29,1233.04,1234.25,4.1,+0.03%,2.45,0.8,0.41,2.45,0.8,,
Sep 15, 2014 15:00 ,1236.36,1236.62,1233.18,1233.89,-24.7,-0.20%,0.26,3.18,-2.47,3.18,0.26,,
Sep 15, 2014 14:00 ,1235.99,1238.45,1235.04,1236.44,4.5,+0.04%,2.46,0.95,0.45,2.46,0.95,,
Sep 15, 2014 13:00 ,1235.02,1236.12,1234.3,1236.04,10.2,+0.08%,1.1,0.72,1.02,1.1,0.72,,
Sep 15, 2014 12:00 ,1234.93,1235.71,1234.83,1234.97,0.4,+0.00%,0.78,0.1,0.04,0.78,0.1,,
Sep 15, 2014 11:00 ,1235.04,1235.43,1234.81,1234.95,-0.9,-0.01%,0.39,0.23,-0.09,0.39,0.23,,
Sep 15, 2014 10:00 ,1234.79,1236.3,1234.79,1235.02,2.3,+0.02%,1.51,0,0.23,1.51,0,,
Sep 15, 2014 09:00 ,1233.05,1235.49,1232.24,1234.59,15.4,+0.12%,2.44,0.81,1.54,2.44,0.81,,
Sep 15, 2014 08:00 ,1233.44,1233.69,1231.92,1233.06,-3.8,-0.03%,0.25,1.52,-0.38,1.52,0.25,,
Sep 15, 2014 07:00 ,1233.74,1234.33,1233.04,1233.3,-4.4,-0.04%,0.59,0.7,-0.44,0.7,0.59,,
Sep 15, 2014 06:00 ,1233.43,1234.86,1233.03,1233.76,3.3,+0.03%,1.43,0.4,0.33,1.43,0.4,,
Sep 15, 2014 05:00 ,1231.55,1233.59,1231.34,1233.4,18.5,+0.15%,2.04,0.21,1.85,2.04,0.21,,
Sep 15, 2014 04:00 ,1228.24,1232.49,1228.19,1231.46,32.2,+0.26%,4.25,0.05,3.22,4.25,0.05,,
Sep 15, 2014 03:00 ,1228.34,1229.34,1227.8,1228.34,0,+0.00%,1,0.54,0,1,0.54,,
Sep 15, 2014 02:00 ,1226.89,1228.69,1226.1,1228.27,13.8,+0.11%,1.8,0.79,1.38,1.8,0.79,,
Sep 15, 2014 01:00 ,1227.25,1229.44,1225.56,1227.06,-1.9,-0.02%,2.19,1.69,-0.19,2.19,1.69,,
Sep 12, 2014 23:00 ,1230.58,1230.66,1228.94,1229.24,-13.4,-0.11%,0.08,1.64,-1.34,1.64,0.08,,
Sep 12, 2014 22:00 ,1228.74,1230.63,1227.84,1230.58,18.4,+0.15%,1.89,0.9,1.84,1.89,0.9,,
Sep 12, 2014 21:00 ,1229.31,1229.69,1227.59,1228.69,-6.2,-0.05%,0.38,1.72,-0.62,1.72,0.38,,
Sep 12, 2014 20:00 ,1232.74,1232.99,1228.81,1229.3,-34.4,-0.28%,0.25,3.93,-3.44,3.93,0.25,,
Sep 12, 2014 19:00 ,1232.55,1234.14,1231.79,1232.84,2.9,+0.02%,1.59,0.76,0.29,1.59,0.76,,
Sep 12, 2014 18:00 ,1228.69,1233.5,1228.57,1232.41,37.2,+0.30%,4.81,0.12,3.72,4.81,0.12,,
Sep 12, 2014 17:00 ,1233.86,1234.19,1228.05,1228.64,-52.2,-0.42%,0.33,5.81,-5.22,5.81,0.33,,
Sep 12, 2014 16:00 ,1235.64,1236.04,1233.09,1233.77,-18.7,-0.15%,0.4,2.55,-1.87,2.55,0.4,,
Sep 12, 2014 15:00 ,1237.53,1238.41,1234.29,1235.59,-19.4,-0.16%,0.88,3.24,-1.94,3.24,0.88,,
Sep 12, 2014 14:00 ,1237.2,1239.09,1236.93,1237.63,4.3,+0.03%,1.89,0.27,0.43,1.89,0.27,,
Sep 12, 2014 13:00 ,1237.36,1237.97,1236.58,1237.11,-2.5,-0.02%,0.61,0.78,-0.25,0.78,0.61,,
Sep 12, 2014 12:00 ,1236.14,1237.74,1235.18,1237.36,12.2,+0.10%,1.6,0.96,1.22,1.6,0.96,,
Sep 12, 2014 11:00 ,1236.96,1237.89,1235.65,1236.05,-9.1,-0.07%,0.93,1.31,-0.91,1.31,0.93,,
Sep 12, 2014 10:00 ,1239.78,1240.04,1236.54,1236.72,-30.6,-0.25%,0.26,3.24,-3.06,3.24,0.26,,
Sep 12, 2014 09:00 ,1236.9,1239.84,1235.54,1239.74,28.4,+0.23%,2.94,1.36,2.84,2.94,1.36,,
Sep 12, 2014 08:00 ,1233.99,1237.34,1233.79,1236.89,29,+0.23%,3.35,0.2,2.9,3.35,0.2,,
Sep 12, 2014 07:00 ,1234.29,1234.29,1232.84,1233.94,-3.5,-0.03%,0,1.45,-0.35,1.45,0,,
Sep 12, 2014 06:00 ,1234.99,1235.04,1233.94,1234.24,-7.5,-0.06%,0.05,1.05,-0.75,1.05,0.05,,
Sep 12, 2014 05:00 ,1236.94,1237.35,1232.18,1235.09,-18.5,-0.15%,0.41,4.76,-1.85,4.76,0.41,,
Sep 12, 2014 04:00 ,1238.69,1239.19,1236.02,1236.98,-17.1,-0.14%,0.5,2.67,-1.71,2.67,0.5,,
Sep 12, 2014 03:00 ,1240.45,1240.7,1237.75,1238.68,-17.7,-0.14%,0.25,2.7,-1.77,2.7,0.25,,
Sep 12, 2014 02:00 ,1240.78,1241.55,1240.35,1240.35,-4.3,-0.03%,0.77,0.43,-0.43,0.77,0.43,,
Sep 12, 2014 01:00 ,1239.76,1241.05,1239.76,1240.75,9.9,+0.08%,1.29,0,0.99,1.29,0,,
Sep 11, 2014 23:00 ,1241.98,1242.03,1240.53,1240.57,-14.1,-0.11%,0.05,1.45,-1.41,1.45,0.05,,
Sep 11, 2014 22:00 ,1238.89,1242.03,1238.84,1242.02,31.3,+0.25%,3.14,0.05,3.13,3.14,0.05,,
Sep 11, 2014 21:00 ,1238.02,1239.69,1238.01,1238.89,8.7,+0.07%,1.67,0.01,0.87,1.67,0.01,,
Sep 11, 2014 20:00 ,1238.66,1239.13,1237.86,1238.06,-6,-0.05%,0.47,0.8,-0.6,0.8,0.47,,
Sep 11, 2014 19:00 ,1237.94,1239.94,1237.34,1238.67,7.3,+0.06%,2,0.6,0.73,2,0.6,,
Sep 11, 2014 18:00 ,1239.39,1239.77,1235.92,1237.94,-14.5,-0.12%,0.38,3.47,-1.45,3.47,0.38,,
Sep 11, 2014 17:00 ,1241.79,1241.79,1235.18,1239.39,-24,-0.19%,0,6.61,-2.4,6.61,0,,
Sep 11, 2014 16:00 ,1243.84,1246.79,1241.39,1241.79,-20.5,-0.17%,2.95,2.45,-2.05,2.95,2.45,,
Sep 11, 2014 15:00 ,1242.95,1244.77,1242.15,1243.74,7.9,+0.06%,1.82,0.8,0.79,1.82,0.8,,
Sep 11, 2014 14:00 ,1240.74,1243.39,1239.79,1242.99,22.5,+0.18%,2.65,0.95,2.25,2.65,0.95,,
Sep 11, 2014 13:00 ,1246.39,1246.44,1238.59,1240.74,-56.5,-0.46%,0.05,7.8,-5.65,7.8,0.05,,
Sep 11, 2014 12:00 ,1248.5,1248.84,1245.69,1246.39,-21.1,-0.17%,0.34,2.81,-2.11,2.81,0.34,,
Sep 11, 2014 11:00 ,1249.3,1249.72,1247.34,1248.49,-8.1,-0.06%,0.42,1.96,-0.81,1.96,0.42,,
Sep 11, 2014 10:00 ,1248.8,1250.09,1248.75,1249.06,2.6,+0.02%,1.29,0.05,0.26,1.29,0.05,,
Sep 11, 2014 09:00 ,1246.77,1249.92,1246.4,1248.82,20.5,+0.16%,3.15,0.37,2.05,3.15,0.37,,
Sep 11, 2014 08:00 ,1247.11,1248.04,1246.59,1246.84,-2.7,-0.02%,0.93,0.52,-0.27,0.93,0.52,,
Sep 11, 2014 07:00 ,1248.89,1248.99,1246.68,1247.06,-18.3,-0.15%,0.1,2.21,-1.83,2.21,0.1,,
Sep 11, 2014 06:00 ,1247.94,1248.89,1247.79,1248.84,9,+0.07%,0.95,0.15,0.9,0.95,0.15,,
Sep 11, 2014 05:00 ,1248.74,1248.94,1247.19,1247.99,-7.5,-0.06%,0.2,1.55,-0.75,1.55,0.2,,
Sep 11, 2014 04:00 ,1248.69,1249.29,1248.29,1248.69,0,+0.00%,0.6,0.4,0,0.6,0.4,,
Sep 11, 2014 03:00 ,1248.88,1249.44,1248.64,1248.69,-1.9,-0.02%,0.56,0.24,-0.19,0.56,0.24,,
Sep 11, 2014 02:00 ,1249.76,1250.04,1248.64,1248.89,-8.7,-0.07%,0.28,1.12,-0.87,1.12,0.28,,
Sep 11, 2014 01:00 ,1248.72,1250.09,1248.72,1249.76,10.4,+0.08%,1.37,0,1.04,1.37,0,,
Sep 10, 2014 23:00 ,1250.34,1250.34,1249.04,1249.41,-9.3,-0.07%,0,1.3,-0.93,1.3,0,,
Sep 10, 2014 22:00 ,1248.05,1250.94,1247.63,1250.34,22.9,+0.18%,2.89,0.42,2.29,2.89,0.42,,
Sep 10, 2014 21:00 ,1245.94,1249.04,1245.92,1248.03,20.9,+0.17%,3.1,0.02,2.09,3.1,0.02,,
Sep 10, 2014 20:00 ,1245.49,1246.26,1244.36,1246,5.1,+0.04%,0.77,1.13,0.51,1.13,0.77,,
Sep 10, 2014 19:00 ,1248.73,1248.73,1243.79,1245.49,-32.4,-0.26%,0,4.94,-3.24,4.94,0,,
Sep 10, 2014 18:00 ,1249.46,1249.99,1246.69,1248.83,-6.3,-0.05%,0.53,2.77,-0.63,2.77,0.53,,
Sep 10, 2014 17:00 ,1252.74,1252.74,1248.8,1249.41,-33.3,-0.27%,0,3.94,-3.33,3.94,0,,
Sep 10, 2014 16:00 ,1248.97,1253.18,1247.72,1252.79,38.2,+0.30%,4.21,1.25,3.82,4.21,1.25,,
Sep 10, 2014 15:00 ,1250.36,1251.88,1246.69,1248.99,-13.7,-0.11%,1.52,3.67,-1.37,3.67,1.52,,
Sep 10, 2014 14:00 ,1254.44,1254.64,1250.36,1250.36,-40.8,-0.33%,0.2,4.08,-4.08,4.08,0.2,,
Sep 10, 2014 13:00 ,1253.79,1254.64,1252.04,1254.44,6.5,+0.05%,0.85,1.75,0.65,1.75,0.85,,
Sep 10, 2014 12:00 ,1253.23,1254.74,1252.78,1253.84,6.1,+0.05%,1.51,0.45,0.61,1.51,0.45,,
Sep 10, 2014 11:00 ,1254.89,1255.18,1252.16,1253.28,-16.1,-0.13%,0.29,2.73,-1.61,2.73,0.29,,
Sep 10, 2014 10:00 ,1256.75,1256.89,1254.75,1254.89,-18.6,-0.15%,0.14,2,-1.86,2,0.14,,
Sep 10, 2014 09:00 ,1257.04,1257.74,1256.08,1256.65,-3.9,-0.03%,0.7,0.96,-0.39,0.96,0.7,,
Sep 10, 2014 08:00 ,1256.59,1257.14,1255.98,1257.04,4.5,+0.04%,0.55,0.61,0.45,0.61,0.55,,
Sep 10, 2014 07:00 ,1256.94,1257.49,1255.97,1256.56,-3.8,-0.03%,0.55,0.97,-0.38,0.97,0.55,,
Sep 10, 2014 06:00 ,1255.48,1257.59,1255.48,1256.77,12.9,+0.10%,2.11,0,1.29,2.11,0,,
Sep 10, 2014 05:00 ,1255.6,1256.04,1254.71,1255.38,-2.2,-0.02%,0.44,0.89,-0.22,0.89,0.44,,
Sep 10, 2014 04:00 ,1255.12,1256.02,1253.59,1255.64,5.2,+0.04%,0.9,1.53,0.52,1.53,0.9,,
Sep 10, 2014 03:00 ,1254.92,1255.72,1253.68,1255.08,1.6,+0.01%,0.8,1.24,0.16,1.24,0.8,,
Sep 10, 2014 02:00 ,1255.08,1255.87,1254.67,1254.92,-1.6,-0.01%,0.79,0.41,-0.16,0.79,0.41,,
Sep 10, 2014 01:00 ,1255.02,1255.37,1254.48,1255.06,0.4,+0.00%,0.35,0.54,0.04,0.54,0.35,,
Sep 09, 2014 23:00 ,1256.34,1257.81,1254.9,1254.99,-13.5,-0.11%,1.47,1.44,-1.35,1.47,1.44,,
Sep 09, 2014 22:00 ,1249.71,1257.18,1249.54,1256.35,66.4,+0.53%,7.47,0.17,6.64,7.47,0.17,,
Sep 09, 2014 21:00 ,1249.96,1250.25,1248.98,1249.71,-2.5,-0.02%,0.29,0.98,-0.25,0.98,0.29,,
Sep 09, 2014 20:00 ,1249.24,1250.44,1247.49,1249.95,7.1,+0.06%,1.2,1.75,0.71,1.75,1.2,,
Sep 09, 2014 19:00 ,1251.34,1251.64,1247.83,1249.24,-21,-0.17%,0.3,3.51,-2.1,3.51,0.3,,
Sep 09, 2014 18:00 ,1255.04,1256.06,1250.31,1251.34,-37,-0.30%,1.02,4.73,-3.7,4.73,1.02,,
Sep 09, 2014 17:00 ,1255.73,1256.26,1253.51,1255.06,-6.7,-0.05%,0.53,2.22,-0.67,2.22,0.53,,
Sep 09, 2014 16:00 ,1254.51,1256.98,1252.11,1255.71,12,+0.10%,2.47,2.4,1.2,2.47,2.4,,
Sep 09, 2014 15:00 ,1256.29,1257.5,1254.13,1254.51,-17.8,-0.14%,1.21,2.16,-1.78,2.16,1.21,,
Sep 09, 2014 14:00 ,1256.2,1257.25,1255.24,1256.29,0.9,+0.01%,1.05,0.96,0.09,1.05,0.96,,
Sep 09, 2014 13:00 ,1256.64,1257.19,1255.99,1256.17,-4.7,-0.04%,0.55,0.65,-0.47,0.65,0.55,,
Sep 09, 2014 12:00 ,1255.47,1256.95,1255.22,1256.59,11.2,+0.09%,1.48,0.25,1.12,1.48,0.25,,
Sep 09, 2014 11:00 ,1253.79,1256.47,1253.16,1255.14,13.5,+0.11%,2.68,0.63,1.35,2.68,0.63,,
Sep 09, 2014 10:00 ,1256.49,1257.49,1253.74,1253.74,-27.5,-0.22%,1,2.75,-2.75,2.75,1,,
Sep 09, 2014 09:00 ,1255.79,1257.49,1254.34,1256.47,6.8,+0.05%,1.7,1.45,0.68,1.7,1.45,,
Sep 09, 2014 08:00 ,1254.69,1256,1254.61,1255.81,11.2,+0.09%,1.31,0.08,1.12,1.31,0.08,,
Sep 09, 2014 07:00 ,1255.49,1255.74,1253.91,1254.64,-8.5,-0.07%,0.25,1.58,-0.85,1.58,0.25,,
Sep 09, 2014 06:00 ,1255.54,1255.79,1254.01,1255.44,-1,-0.01%,0.25,1.53,-0.1,1.53,0.25,,
Sep 09, 2014 05:00 ,1257.04,1257.54,1255.09,1255.59,-14.5,-0.12%,0.5,1.95,-1.45,1.95,0.5,,
Sep 09, 2014 04:00 ,1256.24,1258.19,1256.24,1256.99,7.5,+0.06%,1.95,0,0.75,1.95,0,,
Sep 09, 2014 03:00 ,1256.56,1256.64,1255.58,1256.28,-2.8,-0.02%,0.08,0.98,-0.28,0.98,0.08,,
Sep 09, 2014 02:00 ,1256.59,1257.04,1255.59,1256.05,-5.4,-0.04%,0.45,1,-0.54,1,0.45,,
Sep 09, 2014 01:00 ,1256.31,1257.64,1256.24,1256.69,3.8,+0.03%,1.33,0.07,0.38,1.33,0.07,,
Sep 08, 2014 23:00 ,1255.45,1256.09,1254.36,1254.97,-4.8,-0.04%,0.64,1.09,-0.48,1.09,0.64,,
Sep 08, 2014 22:00 ,1255,1255.6,1253.8,1255.56,5.6,+0.04%,0.6,1.2,0.56,1.2,0.6,,
Sep 08, 2014 21:00 ,1256.05,1256.14,1254.16,1254.81,-12.4,-0.10%,0.09,1.89,-1.24,1.89,0.09,,
Sep 08, 2014 20:00 ,1252.38,1256.09,1251.43,1255.99,36.1,+0.29%,3.71,0.95,3.61,3.71,0.95,,
Sep 08, 2014 19:00 ,1253.99,1254.74,1251.59,1252.41,-15.8,-0.13%,0.75,2.4,-1.58,2.4,0.75,,
Sep 08, 2014 18:00 ,1257.25,1257.39,1252.84,1254.04,-32.1,-0.26%,0.14,4.41,-3.21,4.41,0.14,,
Sep 08, 2014 17:00 ,1259.44,1260.39,1256.76,1257.24,-22,-0.17%,0.95,2.68,-2.2,2.68,0.95,,
Sep 08, 2014 16:00 ,1264.75,1266.04,1259.19,1259.69,-50.6,-0.40%,1.29,5.56,-5.06,5.56,1.29,,
Sep 08, 2014 15:00 ,1266.29,1266.87,1264.14,1264.74,-15.5,-0.12%,0.58,2.15,-1.55,2.15,0.58,,
Sep 08, 2014 14:00 ,1264.94,1267.19,1264.74,1266.19,12.5,+0.10%,2.25,0.2,1.25,2.25,0.2,,
Sep 08, 2014 13:00 ,1266.59,1267.04,1264.79,1264.94,-16.5,-0.13%,0.45,1.8,-1.65,1.8,0.45,,
Sep 08, 2014 12:00 ,1266.84,1267.79,1266.54,1266.54,-3,-0.02%,0.95,0.3,-0.3,0.95,0.3,,
Sep 08, 2014 11:00 ,1267.9,1268.44,1266.8,1266.8,-11,-0.09%,0.54,1.1,-1.1,1.1,0.54,,
Sep 08, 2014 10:00 ,1269.34,1270.04,1267.34,1267.95,-13.9,-0.11%,0.7,2,-1.39,2,0.7,,
Sep 08, 2014 09:00 ,1269.34,1269.44,1268.13,1269.34,0,+0.00%,0.1,1.21,0,1.21,0.1,,
Sep 08, 2014 08:00 ,1271.08,1271.74,1269.15,1269.29,-17.9,-0.14%,0.66,1.93,-1.79,1.93,0.66,,
Sep 08, 2014 07:00 ,1270.99,1271.08,1270.31,1270.98,-0.1,+0.00%,0.09,0.68,-0.01,0.68,0.09,,
Sep 08, 2014 06:00 ,1269,1271.79,1268.58,1270.87,18.7,+0.15%,2.79,0.42,1.87,2.79,0.42,,
Sep 08, 2014 05:00 ,1267.09,1269.21,1266.22,1269.05,19.6,+0.15%,2.12,0.87,1.96,2.12,0.87,,
Sep 08, 2014 04:00 ,1267.56,1268.1,1266.89,1267.04,-5.2,-0.04%,0.54,0.67,-0.52,0.67,0.54,,
Sep 08, 2014 03:00 ,1266.8,1267.7,1266,1267.6,8,+0.06%,0.9,0.8,0.8,0.9,0.8,,
Sep 08, 2014 02:00 ,1268.37,1268.37,1266.75,1266.82,-15.5,-0.12%,0,1.62,-1.55,1.62,0,,
Sep 08, 2014 01:00 ,1267.87,1270.12,1267.79,1268.37,5,+0.04%,2.25,0.08,0.5,2.25,0.08,,
Sep 05, 2014 23:00 ,1268.73,1269.21,1267.98,1268.85,1.2,+0.01%,0.48,0.75,0.12,0.75,0.48,,
Sep 05, 2014 22:00 ,1267.06,1268.75,1266.94,1268.62,15.6,+0.12%,1.69,0.12,1.56,1.69,0.12,,
Sep 05, 2014 21:00 ,1266.94,1267.29,1266.19,1266.99,0.5,+0.00%,0.35,0.75,0.05,0.75,0.35,,
Sep 05, 2014 20:00 ,1265.61,1267.36,1265.39,1266.94,13.3,+0.10%,1.75,0.22,1.33,1.75,0.22,,
Sep 05, 2014 19:00 ,1266.69,1266.89,1264.64,1265.59,-11,-0.09%,0.2,2.05,-1.1,2.05,0.2,,
Sep 05, 2014 18:00 ,1265.81,1267.09,1265.79,1266.61,8,+0.06%,1.28,0.02,0.8,1.28,0.02,,
Sep 05, 2014 17:00 ,1265.68,1268.04,1265.27,1265.79,1.1,+0.01%,2.36,0.41,0.11,2.36,0.41,,
Sep 05, 2014 16:00 ,1268.41,1269.06,1264.54,1265.74,-26.7,-0.21%,0.65,3.87,-2.67,3.87,0.65,,
Sep 05, 2014 15:00 ,1264.22,1273.61,1261.94,1268.42,42,+0.33%,9.39,2.28,4.2,9.39,2.28,,
Sep 05, 2014 14:00 ,1265.92,1266.29,1264.06,1264.09,-18.3,-0.14%,0.37,1.86,-1.83,1.86,0.37,,
Sep 05, 2014 13:00 ,1264.69,1266.39,1264.59,1265.84,11.5,+0.09%,1.7,0.1,1.15,1.7,0.1,,
Sep 05, 2014 12:00 ,1264.21,1264.94,1263.74,1264.69,4.8,+0.04%,0.73,0.47,0.48,0.73,0.47,,
Sep 05, 2014 11:00 ,1264.04,1264.79,1263.86,1264.16,1.2,+0.01%,0.75,0.18,0.12,0.75,0.18,,
Sep 05, 2014 10:00 ,1263.55,1265.5,1263.55,1263.99,4.4,+0.03%,1.95,0,0.44,1.95,0,,
Sep 05, 2014 09:00 ,1264.8,1265.63,1262.79,1263.59,-12.1,-0.10%,0.83,2.01,-1.21,2.01,0.83,,
Sep 05, 2014 08:00 ,1263.15,1264.8,1262.5,1264.8,16.5,+0.13%,1.65,0.65,1.65,1.65,0.65,,
Sep 05, 2014 07:00 ,1263.04,1263.89,1262.94,1263.2,1.6,+0.01%,0.85,0.1,0.16,0.85,0.1,,
Sep 05, 2014 06:00 ,1263.49,1263.99,1263.04,1263.04,-4.5,-0.04%,0.5,0.45,-0.45,0.5,0.45,,
Sep 05, 2014 05:00 ,1262.76,1264.14,1262.45,1263.49,7.3,+0.06%,1.38,0.31,0.73,1.38,0.31,,
Sep 05, 2014 04:00 ,1261.14,1263.29,1260.9,1262.86,17.2,+0.14%,2.15,0.24,1.72,2.15,0.24,,
Sep 05, 2014 03:00 ,1258.94,1261.44,1258.34,1261.14,22,+0.17%,2.5,0.6,2.2,2.5,0.6,,
Sep 05, 2014 02:00 ,1258.28,1259.54,1257.26,1258.94,6.6,+0.05%,1.26,1.02,0.66,1.26,1.02,,
Sep 05, 2014 01:00 ,1260.9,1261.74,1257.44,1258.29,-26.1,-0.21%,0.84,3.46,-2.61,3.46,0.84,,
Sep 04, 2014 23:00 ,1262.89,1263.14,1260.59,1261.55,-13.4,-0.11%,0.25,2.3,-1.34,2.3,0.25,,
Sep 04, 2014 22:00 ,1263.95,1263.99,1260.55,1262.84,-11.1,-0.09%,0.04,3.4,-1.11,3.4,0.04,,
Sep 04, 2014 21:00 ,1265.4,1265.4,1261.89,1263.91,-14.9,-0.12%,0,3.51,-1.49,3.51,0,,
Sep 04, 2014 20:00 ,1266.5,1266.5,1264.7,1265.4,-11,-0.09%,0,1.8,-1.1,1.8,0,,
Sep 04, 2014 19:00 ,1268.83,1269.6,1266.5,1266.53,-23,-0.18%,0.77,2.33,-2.3,2.33,0.77,,
Sep 04, 2014 18:00 ,1269.1,1270.24,1267.79,1268.81,-2.9,-0.02%,1.14,1.31,-0.29,1.31,1.14,,
Sep 04, 2014 17:00 ,1271.89,1273.79,1267.46,1269.02,-28.7,-0.23%,1.9,4.43,-2.87,4.43,1.9,,
Sep 04, 2014 16:00 ,1268.48,1277.23,1266.98,1272.24,37.6,+0.30%,8.75,1.5,3.76,8.75,1.5,,
Sep 04, 2014 15:00 ,1272.69,1273.07,1266.54,1268.51,-41.8,-0.33%,0.38,6.15,-4.18,6.15,0.38,,
Sep 04, 2014 14:00 ,1271.17,1275.2,1269.24,1272.52,13.5,+0.11%,4.03,1.93,1.35,4.03,1.93,,
Sep 04, 2014 13:00 ,1271.91,1272.94,1270.91,1271.21,-7,-0.06%,1.03,1,-0.7,1.03,1,,
Sep 04, 2014 12:00 ,1271.81,1272.51,1270.79,1271.91,1,+0.01%,0.7,1.02,0.1,1.02,0.7,,
Sep 04, 2014 11:00 ,1270.19,1272.71,1269.79,1271.81,16.2,+0.13%,2.52,0.4,1.62,2.52,0.4,,
Sep 04, 2014 10:00 ,1269.99,1270.99,1269.49,1270.26,2.7,+0.02%,1,0.5,0.27,1,0.5,,
Sep 04, 2014 09:00 ,1271.61,1271.79,1269.81,1269.99,-16.2,-0.13%,0.18,1.8,-1.62,1.8,0.18,,
Sep 04, 2014 08:00 ,1272.49,1272.49,1271.16,1271.56,-9.3,-0.07%,0,1.33,-0.93,1.33,0,,
Sep 04, 2014 07:00 ,1272.49,1272.76,1272.22,1272.49,0,+0.00%,0.27,0.27,0,0.27,0.27,,
Sep 04, 2014 06:00 ,1273.08,1273.41,1272.32,1272.47,-6.1,-0.05%,0.33,0.76,-0.61,0.76,0.33,,
Sep 04, 2014 05:00 ,1270.91,1273.31,1270.91,1273.04,21.3,+0.17%,2.4,0,2.13,2.4,0,,
Sep 04, 2014 04:00 ,1268.96,1271.31,1268.96,1270.99,20.3,+0.16%,2.35,0,2.03,2.35,0,,
Sep 04, 2014 03:00 ,1269.14,1269.14,1268.19,1268.91,-2.3,-0.02%,0,0.95,-0.23,0.95,0,,
Sep 04, 2014 02:00 ,1269.21,1269.3,1268.69,1269.19,-0.2,+0.00%,0.09,0.52,-0.02,0.52,0.09,,
Sep 04, 2014 01:00 ,1268.87,1269.73,1268.82,1269.23,3.6,+0.03%,0.86,0.05,0.36,0.86,0.05,,
Sep 03, 2014 23:00 ,1269.89,1270.04,1268.58,1268.58,-13.1,-0.10%,0.15,1.31,-1.31,1.31,0.15,,
Sep 03, 2014 22:00 ,1269.94,1270.29,1269.34,1269.84,-1,-0.01%,0.35,0.6,-0.1,0.6,0.35,,
Sep 03, 2014 21:00 ,1269.88,1270.44,1269.69,1270.04,1.6,+0.01%,0.56,0.19,0.16,0.56,0.19,,
Sep 03, 2014 20:00 ,1268.6,1270.33,1268.13,1269.73,11.3,+0.09%,1.73,0.47,1.13,1.73,0.47,,
Sep 03, 2014 19:00 ,1267.69,1269.5,1267.51,1268.69,10,+0.08%,1.81,0.18,1,1.81,0.18,,
Sep 03, 2014 18:00 ,1267.37,1268.44,1267.04,1267.74,3.7,+0.03%,1.07,0.33,0.37,1.07,0.33,,
Sep 03, 2014 17:00 ,1265.74,1267.97,1264.83,1267.39,16.5,+0.13%,2.23,0.91,1.65,2.23,0.91,,
Sep 03, 2014 16:00 ,1265.94,1267.71,1265.32,1265.79,-1.5,-0.01%,1.77,0.62,-0.15,1.77,0.62,,
Sep 03, 2014 15:00 ,1268.58,1268.78,1265.53,1265.96,-26.2,-0.21%,0.2,3.05,-2.62,3.05,0.2,,
Sep 03, 2014 14:00 ,1267.06,1271.45,1266.32,1268.58,15.2,+0.12%,4.39,0.74,1.52,4.39,0.74,,
Sep 03, 2014 13:00 ,1267.66,1268.1,1266.79,1267.06,-6,-0.05%,0.44,0.87,-0.6,0.87,0.44,,
Sep 03, 2014 12:00 ,1266.35,1268.37,1265.74,1267.76,14.1,+0.11%,2.02,0.61,1.41,2.02,0.61,,
Sep 03, 2014 11:00 ,1268.48,1268.55,1261.22,1266.25,-22.3,-0.18%,0.07,7.26,-2.23,7.26,0.07,,
Sep 03, 2014 10:00 ,1268.39,1268.59,1267.39,1268.45,0.6,+0.00%,0.2,1,0.06,1,0.2,,
Sep 03, 2014 09:00 ,1267.9,1269.84,1267.69,1268.39,4.9,+0.04%,1.94,0.21,0.49,1.94,0.21,,
Sep 03, 2014 08:00 ,1267.04,1268.28,1266.74,1267.96,9.2,+0.07%,1.24,0.3,0.92,1.24,0.3,,
Sep 03, 2014 07:00 ,1266.17,1267.09,1265.73,1267.04,8.7,+0.07%,0.92,0.44,0.87,0.92,0.44,,
Sep 03, 2014 06:00 ,1267.69,1267.89,1265.73,1265.99,-17,-0.13%,0.2,1.96,-1.7,1.96,0.2,,
Sep 03, 2014 05:00 ,1267.14,1267.8,1266.9,1267.69,5.5,+0.04%,0.66,0.24,0.55,0.66,0.24,,
Sep 03, 2014 04:00 ,1265.19,1267.5,1264.83,1267.05,18.6,+0.15%,2.31,0.36,1.86,2.31,0.36,,
Sep 03, 2014 03:00 ,1266.88,1266.88,1264.48,1265.23,-16.5,-0.13%,0,2.4,-1.65,2.4,0,,
Sep 03, 2014 02:00 ,1266.64,1266.88,1265.68,1266.83,1.9,+0.01%,0.24,0.96,0.19,0.96,0.24,,
Sep 03, 2014 01:00 ,1265.58,1266.71,1265.58,1266.64,10.6,+0.08%,1.13,0,1.06,1.13,0,,
Sep 02, 2014 23:00 ,1264.94,1265.6,1264.59,1264.59,-3.5,-0.03%,0.66,0.35,-0.35,0.66,0.35,,
Sep 02, 2014 22:00 ,1264.89,1266.17,1264.54,1264.94,0.5,+0.00%,1.28,0.35,0.05,1.28,0.35,,
Sep 02, 2014 21:00 ,1264.55,1265.85,1264.38,1264.69,1.4,+0.01%,1.3,0.17,0.14,1.3,0.17,,
Sep 02, 2014 20:00 ,1264.83,1265.09,1263.41,1264.45,-3.8,-0.03%,0.26,1.42,-0.38,1.42,0.26,,
Sep 02, 2014 19:00 ,1264.17,1265.64,1263.13,1264.81,6.4,+0.05%,1.47,1.04,0.64,1.47,1.04,,
Sep 02, 2014 18:00 ,1263.95,1266.34,1263.12,1264.28,3.3,+0.03%,2.39,0.83,0.33,2.39,0.83,,
Sep 02, 2014 17:00 ,1267.19,1267.4,1262.48,1263.95,-32.4,-0.26%,0.21,4.71,-3.24,4.71,0.21,,
Sep 02, 2014 16:00 ,1268.14,1269.19,1267.08,1267.19,-9.5,-0.07%,1.05,1.06,-0.95,1.06,1.05,,
Sep 02, 2014 15:00 ,1271.3,1271.34,1265.1,1268.14,-31.6,-0.25%,0.04,6.2,-3.16,6.2,0.04,,
Sep 02, 2014 14:00 ,1271.03,1272.29,1269.69,1271.42,3.9,+0.03%,1.26,1.34,0.39,1.34,1.26,,
Sep 02, 2014 13:00 ,1276.89,1277.04,1268.39,1271.07,-58.2,-0.46%,0.15,8.5,-5.82,8.5,0.15,,
Sep 02, 2014 12:00 ,1276.16,1277.84,1275.64,1276.89,7.3,+0.06%,1.68,0.52,0.73,1.68,0.52,,
Sep 02, 2014 11:00 ,1277.28,1277.54,1275.73,1276.17,-11.1,-0.09%,0.26,1.55,-1.11,1.55,0.26,,
Sep 02, 2014 10:00 ,1275.98,1278.04,1274.66,1277.29,13.1,+0.10%,2.06,1.32,1.31,2.06,1.32,,
Sep 02, 2014 09:00 ,1282.71,1282.89,1275.13,1276.03,-66.8,-0.52%,0.18,7.58,-6.68,7.58,0.18,,
Sep 02, 2014 08:00 ,1281.49,1283.64,1281.49,1282.76,12.7,+0.10%,2.15,0,1.27,2.15,0,,
Sep 02, 2014 07:00 ,1281.29,1281.94,1280.26,1281.59,3,+0.02%,0.65,1.03,0.3,1.03,0.65,,
Sep 02, 2014 06:00 ,1282.44,1282.54,1281.34,1281.49,-9.5,-0.07%,0.1,1.1,-0.95,1.1,0.1,,
Sep 02, 2014 05:00 ,1283.71,1283.71,1281.19,1282.39,-13.2,-0.10%,0,2.52,-1.32,2.52,0,,
Sep 02, 2014 04:00 ,1286.13,1286.18,1282.75,1283.74,-23.9,-0.19%,0.05,3.38,-2.39,3.38,0.05,,
Sep 02, 2014 03:00 ,1286.28,1286.54,1286.13,1286.18,-1,-0.01%,0.26,0.15,-0.1,0.26,0.15,,
Sep 02, 2014 02:00 ,1286.54,1287.54,1285.99,1286.38,-1.6,-0.01%,1,0.55,-0.16,1,0.55,,
Sep 02, 2014 01:00 ,1287.22,1287.22,1286.18,1286.54,-6.8,-0.05%,0,1.04,-0.68,1.04,0,,
Sep 01, 2014 20:00 ,1286.89,1286.89,1286.55,1286.75,-1.4,-0.01%,0,0.34,-0.14,0.34,0,,
Sep 01, 2014 19:00 ,1286.99,1287.16,1286.67,1286.92,-0.7,-0.01%,0.17,0.32,-0.07,0.32,0.17,,
Sep 01, 2014 18:00 ,1287.12,1287.25,1286.91,1286.97,-1.5,-0.01%,0.13,0.21,-0.15,0.21,0.13,,
Sep 01, 2014 17:00 ,1287.16,1287.36,1286.27,1287.12,-0.4,+0.00%,0.2,0.89,-0.04,0.89,0.2,,
Sep 01, 2014 16:00 ,1286.79,1287.46,1285.81,1287.21,4.2,+0.03%,0.67,0.98,0.42,0.98,0.67,,
Sep 01, 2014 15:00 ,1286.89,1287.59,1286.49,1286.84,-0.5,+0.00%,0.7,0.4,-0.05,0.7,0.4,,
Sep 01, 2014 14:00 ,1287.39,1287.86,1286.62,1286.93,-4.6,-0.04%,0.47,0.77,-0.46,0.77,0.47,,
Sep 01, 2014 13:00 ,1287.69,1288.13,1287.16,1287.4,-2.9,-0.02%,0.44,0.53,-0.29,0.53,0.44,,
Sep 01, 2014 12:00 ,1289.48,1289.72,1287.16,1287.71,-17.7,-0.14%,0.24,2.32,-1.77,2.32,0.24,,
Sep 01, 2014 11:00 ,1289.57,1289.87,1288.92,1289.47,-1,-0.01%,0.3,0.65,-0.1,0.65,0.3,,
Sep 01, 2014 10:00 ,1288.14,1289.64,1287.64,1289.52,13.8,+0.11%,1.5,0.5,1.38,1.5,0.5,,
Sep 01, 2014 09:00 ,1287.79,1288.59,1287.31,1287.99,2,+0.02%,0.8,0.48,0.2,0.8,0.48,,
Sep 01, 2014 08:00 ,1286.91,1287.89,1286.76,1287.74,8.3,+0.06%,0.98,0.15,0.83,0.98,0.15,,
Sep 01, 2014 07:00 ,1286.69,1286.99,1286.49,1286.88,1.9,+0.01%,0.3,0.2,0.19,0.3,0.2,,
Sep 01, 2014 06:00 ,1286.99,1287.69,1286.59,1286.69,-3,-0.02%,0.7,0.4,-0.3,0.7,0.4,,
Sep 01, 2014 05:00 ,1286.34,1287.04,1285.79,1286.94,6,+0.05%,0.7,0.55,0.6,0.7,0.55,,
Sep 01, 2014 04:00 ,1285.99,1286.49,1284.79,1286.29,3,+0.02%,0.5,1.2,0.3,1.2,0.5,,
Sep 01, 2014 03:00 ,1286.66,1287.33,1285.74,1285.85,-8.1,-0.06%,0.67,0.92,-0.81,0.92,0.67,,
Sep 01, 2014 02:00 ,1285.95,1287.34,1285.74,1286.71,7.6,+0.06%,1.39,0.21,0.76,1.39,0.21,,
Sep 01, 2014 01:00 ,1287.54,1287.94,1285.71,1285.95,-15.9,-0.12%,0.4,1.83,-1.59,1.83,0.4,,
Aug 29, 2014 23:00 ,1287.29,1287.69,1286.75,1286.75,-5.4,-0.04%,0.4,0.54,-0.54,0.54,0.4,,
Aug 29, 2014 22:00 ,1286.94,1287.52,1286.54,1287.28,3.4,+0.03%,0.58,0.4,0.34,0.58,0.4,,
Aug 29, 2014 21:00 ,1286.66,1287.14,1285.79,1286.89,2.3,+0.02%,0.48,0.87,0.23,0.87,0.48,,
Aug 29, 2014 20:00 ,1287.49,1287.54,1285.24,1286.68,-8.1,-0.06%,0.05,2.25,-0.81,2.25,0.05,,
Aug 29, 2014 19:00 ,1287.49,1287.89,1286.84,1287.49,0,+0.00%,0.4,0.65,0,0.65,0.4,,
Aug 29, 2014 18:00 ,1289.19,1289.29,1286.29,1287.49,-17,-0.13%,0.1,2.9,-1.7,2.9,0.1,,
Aug 29, 2014 17:00 ,1285.9,1291.34,1285.34,1289.19,32.9,+0.26%,5.44,0.56,3.29,5.44,0.56,,
Aug 29, 2014 16:00 ,1286.94,1288.34,1285.24,1285.69,-12.5,-0.10%,1.4,1.7,-1.25,1.7,1.4,,
Aug 29, 2014 15:00 ,1285.54,1286.98,1284.44,1286.98,14.4,+0.11%,1.44,1.1,1.44,1.44,1.1,,
Aug 29, 2014 14:00 ,1284.95,1286.69,1284.16,1285.52,5.7,+0.04%,1.74,0.79,0.57,1.74,0.79,,
Aug 29, 2014 13:00 ,1285.94,1286.04,1284.6,1284.97,-9.7,-0.08%,0.1,1.34,-0.97,1.34,0.1,,
Aug 29, 2014 12:00 ,1285.6,1286.19,1284.57,1285.94,3.4,+0.03%,0.59,1.03,0.34,1.03,0.59,,
Aug 29, 2014 11:00 ,1287.83,1288.84,1283.36,1285.59,-22.4,-0.17%,1.01,4.47,-2.24,4.47,1.01,,
Aug 29, 2014 10:00 ,1290.02,1290.04,1287.69,1287.82,-22,-0.17%,0.02,2.33,-2.2,2.33,0.02,,
Aug 29, 2014 09:00 ,1288.64,1290.55,1288.29,1290.05,14.1,+0.11%,1.91,0.35,1.41,1.91,0.35,,
Aug 29, 2014 08:00 ,1288.12,1289.29,1287.84,1288.64,5.2,+0.04%,1.17,0.28,0.52,1.17,0.28,,
Aug 29, 2014 07:00 ,1290.22,1290.34,1288.09,1288.14,-20.8,-0.16%,0.12,2.13,-2.08,2.13,0.12,,
Aug 29, 2014 06:00 ,1289.49,1290.64,1289.44,1290.24,7.5,+0.06%,1.15,0.05,0.75,1.15,0.05,,
Aug 29, 2014 05:00 ,1289.07,1289.64,1288.64,1289.53,4.6,+0.04%,0.57,0.43,0.46,0.57,0.43,,
Aug 29, 2014 04:00 ,1290.54,1291.04,1288.09,1289.09,-14.5,-0.11%,0.5,2.45,-1.45,2.45,0.5,,
Aug 29, 2014 03:00 ,1290.35,1290.84,1290.04,1290.55,2,+0.02%,0.49,0.31,0.2,0.49,0.31,,
Aug 29, 2014 02:00 ,1289.77,1290.54,1289.25,1290.37,6,+0.05%,0.77,0.52,0.6,0.77,0.52,,
Aug 29, 2014 01:00 ,1289,1290.02,1288.93,1289.79,7.9,+0.06%,1.02,0.07,0.79,1.02,0.07,,
Aug 28, 2014 23:00 ,1289.17,1289.69,1288.65,1289.28,1.1,+0.01%,0.52,0.52,0.11,0.52,0.52,,
Aug 28, 2014 22:00 ,1289.97,1291.07,1289.17,1289.24,-7.3,-0.06%,1.1,0.8,-0.73,1.1,0.8,,
Aug 28, 2014 21:00 ,1289.41,1290.27,1289.34,1289.96,5.5,+0.04%,0.86,0.07,0.55,0.86,0.07,,
Aug 28, 2014 20:00 ,1289.74,1290.24,1288.89,1289.44,-3,-0.02%,0.5,0.85,-0.3,0.85,0.5,,
Aug 28, 2014 19:00 ,1290.11,1290.55,1289.31,1289.74,-3.7,-0.03%,0.44,0.8,-0.37,0.8,0.44,,
Aug 28, 2014 18:00 ,1288.84,1290.59,1288.46,1290.1,12.6,+0.10%,1.75,0.38,1.26,1.75,0.38,,
Aug 28, 2014 17:00 ,1290.99,1292.48,1287.23,1288.86,-21.3,-0.17%,1.49,3.76,-2.13,3.76,1.49,,
Aug 28, 2014 16:00 ,1292.69,1292.69,1290.61,1291.09,-16,-0.12%,0,2.08,-1.6,2.08,0,,
Aug 28, 2014 15:00 ,1294.64,1296.44,1291.87,1292.61,-20.3,-0.16%,1.8,2.77,-2.03,2.77,1.8,,
Aug 28, 2014 14:00 ,1293.29,1294.19,1291.09,1294.09,8,+0.06%,0.9,2.2,0.8,2.2,0.9,,
Aug 28, 2014 13:00 ,1290.78,1295.54,1289.89,1293.21,24.3,+0.19%,4.76,0.89,2.43,4.76,0.89,,
Aug 28, 2014 12:00 ,1289.12,1290.84,1287.83,1290.79,16.7,+0.13%,1.72,1.29,1.67,1.72,1.29,,
Aug 28, 2014 11:00 ,1289.41,1293.41,1288.9,1289.08,-3.3,-0.03%,4,0.51,-0.33,4,0.51,,
Aug 28, 2014 10:00 ,1287.79,1289.83,1287.41,1289.14,13.5,+0.10%,2.04,0.38,1.35,2.04,0.38,,
Aug 28, 2014 09:00 ,1285.94,1289.64,1285.89,1287.67,17.3,+0.13%,3.7,0.05,1.73,3.7,0.05,,
Aug 28, 2014 08:00 ,1285.94,1287.14,1285.84,1285.94,0,+0.00%,1.2,0.1,0,1.2,0.1,,
Aug 28, 2014 07:00 ,1285.84,1286.04,1285.54,1285.89,0.5,+0.00%,0.2,0.3,0.05,0.3,0.2,,
Aug 28, 2014 06:00 ,1286.24,1286.54,1285.54,1285.84,-4,-0.03%,0.3,0.7,-0.4,0.7,0.3,,
Aug 28, 2014 05:00 ,1285.9,1286.59,1285.74,1286.24,3.4,+0.03%,0.69,0.16,0.34,0.69,0.16,,
Aug 28, 2014 04:00 ,1284.34,1286.09,1284.24,1286.09,17.5,+0.14%,1.75,0.1,1.75,1.75,0.1,,
Aug 28, 2014 03:00 ,1283.38,1284.84,1282.99,1284.39,10.1,+0.08%,1.46,0.39,1.01,1.46,0.39,,
Aug 28, 2014 02:00 ,1282.89,1283.99,1282.79,1283.34,4.5,+0.04%,1.1,0.1,0.45,1.1,0.1,,
Aug 28, 2014 01:00 ,1282.33,1282.99,1282.13,1282.94,6.1,+0.05%,0.66,0.2,0.61,0.66,0.2,,
Aug 27, 2014 23:00 ,1281.95,1283.16,1281.94,1282.53,5.8,+0.05%,1.21,0.01,0.58,1.21,0.01,,
Aug 27, 2014 22:00 ,1282.66,1283.39,1281.94,1281.97,-6.9,-0.05%,0.73,0.72,-0.69,0.73,0.72,,
Aug 27, 2014 21:00 ,1282.95,1283.71,1281.69,1282.7,-2.5,-0.02%,0.76,1.26,-0.25,1.26,0.76,,
Aug 27, 2014 20:00 ,1282.65,1283.38,1282.24,1282.94,2.9,+0.02%,0.73,0.41,0.29,0.73,0.41,,
Aug 27, 2014 19:00 ,1282.89,1283.28,1282.34,1282.64,-2.5,-0.02%,0.39,0.55,-0.25,0.55,0.39,,
Aug 27, 2014 18:00 ,1282.95,1283.39,1281.24,1282.89,-0.6,+0.00%,0.44,1.71,-0.06,1.71,0.44,,
Aug 27, 2014 17:00 ,1283.56,1284.08,1281.42,1282.88,-6.8,-0.05%,0.52,2.14,-0.68,2.14,0.52,,
Aug 27, 2014 16:00 ,1285.66,1286.16,1282.47,1283.57,-20.9,-0.16%,0.5,3.19,-2.09,3.19,0.5,,
Aug 27, 2014 15:00 ,1286.41,1287.09,1284.53,1285.36,-10.5,-0.08%,0.68,1.88,-1.05,1.88,0.68,,
Aug 27, 2014 14:00 ,1285.13,1286.44,1284.23,1286.43,13,+0.10%,1.31,0.9,1.3,1.31,0.9,,
Aug 27, 2014 13:00 ,1286.59,1287.31,1284.83,1285.07,-15.2,-0.12%,0.72,1.76,-1.52,1.76,0.72,,
Aug 27, 2014 12:00 ,1285.19,1286.87,1284.55,1286.61,14.2,+0.11%,1.68,0.64,1.42,1.68,0.64,,
Aug 27, 2014 11:00 ,1285.49,1285.49,1284.83,1285.19,-3,-0.02%,0,0.66,-0.3,0.66,0,,
Aug 27, 2014 10:00 ,1285.14,1286.54,1285.04,1285.44,3,+0.02%,1.4,0.1,0.3,1.4,0.1,,
Aug 27, 2014 09:00 ,1283.86,1285.89,1283.15,1285.09,12.3,+0.10%,2.03,0.71,1.23,2.03,0.71,,
Aug 27, 2014 08:00 ,1283.06,1284.19,1282.85,1283.87,8.1,+0.06%,1.13,0.21,0.81,1.13,0.21,,
Aug 27, 2014 07:00 ,1283.73,1283.73,1282.98,1283.1,-6.3,-0.05%,0,0.75,-0.63,0.75,0,,
Aug 27, 2014 06:00 ,1284.19,1284.29,1283.5,1283.77,-4.2,-0.03%,0.1,0.69,-0.42,0.69,0.1,,
Aug 27, 2014 05:00 ,1283.29,1284.64,1283.19,1284.24,9.5,+0.07%,1.35,0.1,0.95,1.35,0.1,,
Aug 27, 2014 04:00 ,1282.79,1283.84,1282.4,1283.39,6,+0.05%,1.05,0.39,0.6,1.05,0.39,,
Aug 27, 2014 03:00 ,1281.01,1282.79,1280.64,1282.64,16.3,+0.13%,1.78,0.37,1.63,1.78,0.37,,
Aug 27, 2014 02:00 ,1280.25,1281.36,1280.05,1280.99,7.4,+0.06%,1.11,0.2,0.74,1.11,0.2,,
Aug 27, 2014 01:00 ,1280.2,1281.38,1280.2,1280.69,4.9,+0.04%,1.18,0,0.49,1.18,0,,
Aug 26, 2014 23:00 ,1282.41,1282.62,1280.3,1280.3,-21.1,-0.16%,0.21,2.11,-2.11,2.11,0.21,,
Aug 26, 2014 22:00 ,1284.04,1284.31,1281.61,1282.31,-17.3,-0.13%,0.27,2.43,-1.73,2.43,0.27,,
Aug 26, 2014 21:00 ,1284.38,1284.45,1283.36,1284.03,-3.5,-0.03%,0.07,1.02,-0.35,1.02,0.07,,
Aug 26, 2014 20:00 ,1283.92,1285,1283.43,1284.35,4.3,+0.03%,1.08,0.49,0.43,1.08,0.49,,
Aug 26, 2014 19:00 ,1283.95,1284.07,1282.56,1283.91,-0.4,+0.00%,0.12,1.39,-0.04,1.39,0.12,,
Aug 26, 2014 18:00 ,1283.77,1284.25,1282.26,1284,2.3,+0.02%,0.48,1.51,0.23,1.51,0.48,,
Aug 26, 2014 17:00 ,1286.74,1286.91,1282.72,1283.74,-30,-0.23%,0.17,4.02,-3,4.02,0.17,,
Aug 26, 2014 16:00 ,1288.52,1288.97,1286.75,1286.79,-17.3,-0.13%,0.45,1.77,-1.73,1.77,0.45,,
Aug 26, 2014 15:00 ,1287.69,1290.92,1286.99,1288.52,8.3,+0.06%,3.23,0.7,0.83,3.23,0.7,,
Aug 26, 2014 14:00 ,1287.79,1287.89,1286.19,1287.69,-1,-0.01%,0.1,1.6,-0.1,1.6,0.1,,
Aug 26, 2014 13:00 ,1286.95,1288.79,1286.58,1287.74,7.9,+0.06%,1.84,0.37,0.79,1.84,0.37,,
Aug 26, 2014 12:00 ,1287.51,1287.74,1286.04,1286.94,-5.7,-0.04%,0.23,1.47,-0.57,1.47,0.23,,
Aug 26, 2014 11:00 ,1289.12,1289.5,1287.26,1287.41,-17.1,-0.13%,0.38,1.86,-1.71,1.86,0.38,,
Aug 26, 2014 10:00 ,1289.82,1290.82,1288.68,1289.12,-7,-0.05%,1,1.14,-0.7,1.14,1,,
Aug 26, 2014 09:00 ,1282.64,1290.52,1282.14,1289.82,71.8,+0.56%,7.88,0.5,7.18,7.88,0.5,,
Aug 26, 2014 08:00 ,1282.35,1283.36,1281.93,1282.56,2.1,+0.02%,1.01,0.42,0.21,1.01,0.42,,
Aug 26, 2014 07:00 ,1279.25,1283.76,1279.22,1282.29,30.4,+0.24%,4.51,0.03,3.04,4.51,0.03,,
Aug 26, 2014 06:00 ,1279.79,1280.12,1279.02,1279.16,-6.3,-0.05%,0.33,0.77,-0.63,0.77,0.33,,
Aug 26, 2014 05:00 ,1278.51,1279.86,1277.81,1279.76,12.5,+0.10%,1.35,0.7,1.25,1.35,0.7,,
Aug 26, 2014 04:00 ,1277.84,1278.39,1276.89,1278.18,3.4,+0.03%,0.55,0.95,0.34,0.95,0.55,,
Aug 26, 2014 03:00 ,1276.11,1277.74,1275.79,1277.74,16.3,+0.13%,1.63,0.32,1.63,1.63,0.32,,
Aug 26, 2014 02:00 ,1275.84,1276.56,1275.36,1276.1,2.6,+0.02%,0.72,0.48,0.26,0.72,0.48,,
Aug 26, 2014 01:00 ,1276.21,1276.49,1275.08,1275.8,-4.1,-0.03%,0.28,1.13,-0.41,1.13,0.28,,
Aug 25, 2014 23:00 ,1276.14,1276.79,1274.49,1276.1,-0.4,+0.00%,0.65,1.65,-0.04,1.65,0.65,,
Aug 25, 2014 22:00 ,1277.41,1278.26,1275.99,1276.14,-12.7,-0.10%,0.85,1.42,-1.27,1.42,0.85,,
Aug 25, 2014 21:00 ,1277.14,1278.24,1277.04,1277.46,3.2,+0.03%,1.1,0.1,0.32,1.1,0.1,,
Aug 25, 2014 20:00 ,1277.96,1278.96,1276.91,1277.06,-9,-0.07%,1,1.05,-0.9,1.05,1,,
Aug 25, 2014 19:00 ,1276.39,1278.16,1276.07,1277.96,15.7,+0.12%,1.77,0.32,1.57,1.77,0.32,,
Aug 25, 2014 18:00 ,1276.01,1277.56,1275.78,1276.39,3.8,+0.03%,1.55,0.23,0.38,1.55,0.23,,
Aug 25, 2014 17:00 ,1276.39,1278.59,1275.96,1275.96,-4.3,-0.03%,2.2,0.43,-0.43,2.2,0.43,,
Aug 25, 2014 16:00 ,1277.89,1278.75,1276.23,1276.44,-14.5,-0.11%,0.86,1.66,-1.45,1.66,0.86,,
Aug 25, 2014 15:00 ,1278.42,1280.79,1277.28,1277.99,-4.3,-0.03%,2.37,1.14,-0.43,2.37,1.14,,
Aug 25, 2014 14:00 ,1277.99,1279.3,1277.94,1278.41,4.2,+0.03%,1.31,0.05,0.42,1.31,0.05,,
Aug 25, 2014 13:00 ,1278.09,1278.49,1276.69,1277.94,-1.5,-0.01%,0.4,1.4,-0.15,1.4,0.4,,
Aug 25, 2014 12:00 ,1276.89,1278.34,1276.51,1277.99,11,+0.09%,1.45,0.38,1.1,1.45,0.38,,
Aug 25, 2014 11:00 ,1276.36,1278.04,1276.19,1276.89,5.3,+0.04%,1.68,0.17,0.53,1.68,0.17,,
Aug 25, 2014 10:00 ,1277.39,1277.64,1275.6,1276.41,-9.8,-0.08%,0.25,1.79,-0.98,1.79,0.25,,
Aug 25, 2014 09:00 ,1278.09,1278.09,1276.69,1277.38,-7.1,-0.06%,0,1.4,-0.71,1.4,0,,
Aug 25, 2014 08:00 ,1276.84,1278.09,1276.69,1278.09,12.5,+0.10%,1.25,0.15,1.25,1.25,0.15,,
Aug 25, 2014 07:00 ,1278.04,1278.24,1276.89,1276.99,-10.5,-0.08%,0.2,1.15,-1.05,1.15,0.2,,
Aug 25, 2014 06:00 ,1278.55,1278.98,1278.24,1278.54,-0.1,+0.00%,0.43,0.31,-0.01,0.43,0.31,,
Aug 25, 2014 05:00 ,1279.04,1279.23,1277.1,1278.54,-5,-0.04%,0.19,1.94,-0.5,1.94,0.19,,
Aug 25, 2014 04:00 ,1277.19,1280.74,1276.54,1279.24,20.5,+0.16%,3.55,0.65,2.05,3.55,0.65,,
Aug 25, 2014 03:00 ,1276.74,1280.65,1276.74,1277.84,11,+0.09%,3.91,0,1.1,3.91,0,,
Aug 25, 2014 02:00 ,1276.14,1281.04,1274.79,1276.74,6,+0.05%,4.9,1.35,0.6,4.9,1.35,,
Aug 25, 2014 01:00 ,1279.14,1279.14,1272.53,1275.99,-31.5,-0.25%,0,6.61,-3.15,6.61,0,,
Aug 22, 2014 23:00 ,1280.47,1280.87,1279.72,1280,-4.7,-0.04%,0.4,0.75,-0.47,0.75,0.4,,
Aug 22, 2014 22:00 ,1280.28,1281.22,1279.97,1280.49,2.1,+0.02%,0.94,0.31,0.21,0.94,0.31,,
Aug 22, 2014 21:00 ,1280.29,1281.2,1280.08,1280.28,-0.1,+0.00%,0.91,0.21,-0.01,0.91,0.21,,
Aug 22, 2014 20:00 ,1278.99,1280.59,1278.89,1280.29,13,+0.10%,1.6,0.1,1.3,1.6,0.1,,
Aug 22, 2014 19:00 ,1281.01,1281.79,1278.39,1278.99,-20.2,-0.16%,0.78,2.62,-2.02,2.62,0.78,,
Aug 22, 2014 18:00 ,1277.38,1281.64,1277.29,1281.06,36.8,+0.29%,4.26,0.09,3.68,4.26,0.09,,
Aug 22, 2014 17:00 ,1278.08,1280.78,1274.14,1277.34,-7.4,-0.06%,2.7,3.94,-0.74,3.94,2.7,,
Aug 22, 2014 16:00 ,1277.81,1279.48,1277.6,1278.18,3.7,+0.03%,1.67,0.21,0.37,1.67,0.21,,
Aug 22, 2014 15:00 ,1278.38,1279.61,1277.46,1277.86,-5.2,-0.04%,1.23,0.92,-0.52,1.23,0.92,,
Aug 22, 2014 14:00 ,1280.89,1281.19,1278.27,1278.43,-24.6,-0.19%,0.3,2.62,-2.46,2.62,0.3,,
Aug 22, 2014 13:00 ,1281.25,1282.99,1280.8,1280.9,-3.5,-0.03%,1.74,0.45,-0.35,1.74,0.45,,
Aug 22, 2014 12:00 ,1280.99,1281.8,1280.63,1281.25,2.6,+0.02%,0.81,0.36,0.26,0.81,0.36,,
Aug 22, 2014 11:00 ,1279.74,1281.79,1279.3,1281.09,13.5,+0.11%,2.05,0.44,1.35,2.05,0.44,,
Aug 22, 2014 10:00 ,1279.8,1280.08,1279.11,1279.74,-0.6,+0.00%,0.28,0.69,-0.06,0.69,0.28,,
Aug 22, 2014 09:00 ,1280.29,1280.89,1279.08,1279.7,-5.9,-0.05%,0.6,1.21,-0.59,1.21,0.6,,
Aug 22, 2014 08:00 ,1279.29,1280.65,1278.99,1280.39,11,+0.09%,1.36,0.3,1.1,1.36,0.3,,
Aug 22, 2014 07:00 ,1279.41,1279.69,1278.6,1279.23,-1.8,-0.01%,0.28,0.81,-0.18,0.81,0.28,,
Aug 22, 2014 06:00 ,1278.79,1279.34,1278.34,1279.24,4.5,+0.04%,0.55,0.45,0.45,0.55,0.45,,
Aug 22, 2014 05:00 ,1278.09,1278.94,1277.79,1278.79,7,+0.05%,0.85,0.3,0.7,0.85,0.3,,
Aug 22, 2014 04:00 ,1276.95,1278.14,1276.44,1278.14,11.9,+0.09%,1.19,0.51,1.19,1.19,0.51,,
Aug 22, 2014 03:00 ,1277.71,1278.19,1276.88,1277.09,-6.2,-0.05%,0.48,0.83,-0.62,0.83,0.48,,
Aug 22, 2014 02:00 ,1276.79,1277.71,1276.79,1277.69,9,+0.07%,0.92,0,0.9,0.92,0,,
Aug 22, 2014 01:00 ,1277,1277.59,1276.74,1276.79,-2.1,-0.02%,0.59,0.26,-0.21,0.59,0.26,,
Aug 21, 2014 23:00 ,1277.21,1277.74,1275.95,1275.95,-12.6,-0.10%,0.53,1.26,-1.26,1.26,0.53,,
Aug 21, 2014 22:00 ,1276.25,1278.74,1276.25,1277.15,9,+0.07%,2.49,0,0.9,2.49,0,,
Aug 21, 2014 21:00 ,1275.35,1276.47,1275.13,1276.17,8.2,+0.06%,1.12,0.22,0.82,1.12,0.22,,
Aug 21, 2014 20:00 ,1274.79,1275.6,1272.89,1275.34,5.5,+0.04%,0.81,1.9,0.55,1.9,0.81,,
Aug 21, 2014 19:00 ,1276.56,1276.76,1274.57,1274.79,-17.7,-0.14%,0.2,1.99,-1.77,1.99,0.2,,
Aug 21, 2014 18:00 ,1278.54,1278.54,1276.2,1276.51,-20.3,-0.16%,0,2.34,-2.03,2.34,0,,
Aug 21, 2014 17:00 ,1276.38,1280.9,1274.6,1278.54,21.6,+0.17%,4.52,1.78,2.16,4.52,1.78,,
Aug 21, 2014 16:00 ,1275.1,1278.01,1274.69,1276.34,12.4,+0.10%,2.91,0.41,1.24,2.91,0.41,,
Aug 21, 2014 15:00 ,1279.09,1280.24,1273.71,1275.1,-39.9,-0.31%,1.15,5.38,-3.99,5.38,1.15,,
Aug 21, 2014 14:00 ,1281.24,1281.79,1279.09,1279.15,-20.9,-0.16%,0.55,2.15,-2.09,2.15,0.55,,
Aug 21, 2014 13:00 ,1280.62,1283.23,1280.15,1281.24,6.2,+0.05%,2.61,0.47,0.62,2.61,0.47,,
Aug 21, 2014 12:00 ,1280.84,1280.99,1279.72,1280.62,-2.2,-0.02%,0.15,1.12,-0.22,1.12,0.15,,
Aug 21, 2014 11:00 ,1280.09,1282.19,1279.84,1280.89,8,+0.06%,2.1,0.25,0.8,2.1,0.25,,
Aug 21, 2014 10:00 ,1279.04,1281.29,1278.31,1280.29,12.5,+0.10%,2.25,0.73,1.25,2.25,0.73,,
Aug 21, 2014 09:00 ,1285.85,1285.86,1274.43,1279.07,-67.8,-0.53%,0.01,11.42,-6.78,11.42,0.01,,
Aug 21, 2014 08:00 ,1285.88,1286.34,1284.59,1285.94,0.6,+0.00%,0.46,1.29,0.06,1.29,0.46,,
Aug 21, 2014 07:00 ,1287.13,1287.44,1285.86,1285.89,-12.4,-0.10%,0.31,1.27,-1.24,1.27,0.31,,
Aug 21, 2014 06:00 ,1288.94,1288.94,1284.88,1287.14,-18,-0.14%,0,4.06,-1.8,4.06,0,,
Aug 21, 2014 05:00 ,1289.54,1289.69,1288.89,1288.99,-5.5,-0.04%,0.15,0.65,-0.55,0.65,0.15,,
Aug 21, 2014 04:00 ,1289.91,1290.44,1288.66,1289.69,-2.2,-0.02%,0.53,1.25,-0.22,1.25,0.53,,
Aug 21, 2014 03:00 ,1290.07,1290.54,1289.55,1289.91,-1.6,-0.01%,0.47,0.52,-0.16,0.52,0.47,,
Aug 21, 2014 02:00 ,1290.59,1290.86,1289.84,1290.16,-4.3,-0.03%,0.27,0.75,-0.43,0.75,0.27,,
Aug 21, 2014 01:00 ,1290.54,1291.01,1290.52,1290.59,0.5,+0.00%,0.47,0.02,0.05,0.47,0.02,,
Aug 20, 2014 23:00 ,1291.24,1291.93,1290.84,1291.58,3.4,+0.03%,0.69,0.4,0.34,0.69,0.4,,
Aug 20, 2014 22:00 ,1290.2,1291.55,1289.74,1291.24,10.4,+0.08%,1.35,0.46,1.04,1.35,0.46,,
Aug 20, 2014 21:00 ,1294.79,1294.83,1287.81,1290.14,-46.5,-0.36%,0.04,6.98,-4.65,6.98,0.04,,
Aug 20, 2014 20:00 ,1293,1295.44,1292.75,1294.94,19.4,+0.15%,2.44,0.25,1.94,2.44,0.25,,
Aug 20, 2014 19:00 ,1294.16,1294.29,1292.93,1293.02,-11.4,-0.09%,0.13,1.23,-1.14,1.23,0.13,,
Aug 20, 2014 18:00 ,1293.44,1294.34,1292.74,1294.14,7,+0.05%,0.9,0.7,0.7,0.9,0.7,,
Aug 20, 2014 17:00 ,1295.87,1296.17,1292.59,1293.44,-24.3,-0.19%,0.3,3.28,-2.43,3.28,0.3,,
Aug 20, 2014 16:00 ,1295.29,1297.29,1295.27,1295.82,5.3,+0.04%,2,0.02,0.53,2,0.02,,
Aug 20, 2014 15:00 ,1294.62,1297.88,1294.39,1295.29,6.7,+0.05%,3.26,0.23,0.67,3.26,0.23,,
Aug 20, 2014 14:00 ,1297.24,1297.69,1294.45,1294.74,-25,-0.19%,0.45,2.79,-2.5,2.79,0.45,,
Aug 20, 2014 13:00 ,1294.68,1294.73,1291.7,1293.89,-7.9,-0.06%,0.05,2.98,-0.79,2.98,0.05,,
Aug 20, 2014 12:00 ,1294.24,1294.73,1293.97,1294.53,2.9,+0.02%,0.49,0.27,0.29,0.49,0.27,,
Aug 20, 2014 11:00 ,1293.69,1294.64,1292.84,1294.19,5,+0.04%,0.95,0.85,0.5,0.95,0.85,,
Aug 20, 2014 10:00 ,1295.97,1295.97,1292.59,1293.71,-22.6,-0.17%,0,3.38,-2.26,3.38,0,,
Aug 20, 2014 09:00 ,1296.04,1296.54,1295.09,1295.99,-0.5,+0.00%,0.5,0.95,-0.05,0.95,0.5,,
Aug 20, 2014 08:00 ,1294.69,1296.24,1294.43,1296.04,13.5,+0.10%,1.55,0.26,1.35,1.55,0.26,,
Aug 20, 2014 07:00 ,1295.24,1295.52,1294.23,1294.64,-6,-0.05%,0.28,1.01,-0.6,1.01,0.28,,
Aug 20, 2014 06:00 ,1296.14,1296.44,1294.89,1295.24,-9,-0.07%,0.3,1.25,-0.9,1.25,0.3,,
Aug 20, 2014 05:00 ,1296.49,1296.84,1295.99,1296.14,-3.5,-0.03%,0.35,0.5,-0.35,0.5,0.35,,
Aug 20, 2014 04:00 ,1295.99,1296.54,1295.51,1296.44,4.5,+0.03%,0.55,0.48,0.45,0.55,0.48,,
Aug 20, 2014 03:00 ,1294.71,1296.09,1294.17,1296.09,13.8,+0.11%,1.38,0.54,1.38,1.38,0.54,,
Aug 20, 2014 02:00 ,1295.54,1295.64,1294.74,1294.74,-8,-0.06%,0.1,0.8,-0.8,0.8,0.1,,
Aug 20, 2014 01:00 ,1295.88,1295.94,1295.39,1295.59,-2.9,-0.02%,0.06,0.49,-0.29,0.49,0.06,,
Aug 19, 2014 23:00 ,1296.04,1296.09,1294.89,1294.94,-11,-0.08%,0.05,1.15,-1.1,1.15,0.05,,
Aug 19, 2014 22:00 ,1295.03,1296.39,1294.09,1295.95,9.2,+0.07%,1.36,0.94,0.92,1.36,0.94,,
Aug 19, 2014 21:00 ,1296.17,1296.43,1294.79,1294.99,-11.8,-0.09%,0.26,1.38,-1.18,1.38,0.26,,
Aug 19, 2014 20:00 ,1295.84,1296.34,1295.03,1296.15,3.1,+0.02%,0.5,0.81,0.31,0.81,0.5,,
Aug 19, 2014 19:00 ,1294.69,1296.49,1294.49,1295.84,11.5,+0.09%,1.8,0.2,1.15,1.8,0.2,,
Aug 19, 2014 18:00 ,1295.39,1296.03,1293.84,1294.67,-7.2,-0.06%,0.64,1.55,-0.72,1.55,0.64,,
Aug 19, 2014 17:00 ,1295.19,1297.24,1294.39,1295.39,2,+0.02%,2.05,0.8,0.2,2.05,0.8,,
Aug 19, 2014 16:00 ,1298.25,1300.14,1295.05,1295.27,-29.8,-0.23%,1.89,3.2,-2.98,3.2,1.89,,
Aug 19, 2014 15:00 ,1300.94,1301.64,1297.35,1298.24,-27,-0.21%,0.7,3.59,-2.7,3.59,0.7,,
Aug 19, 2014 14:00 ,1300.23,1302.26,1300.07,1300.94,7.1,+0.05%,2.03,0.16,0.71,2.03,0.16,,
Aug 19, 2014 13:00 ,1299.94,1300.54,1299.63,1300.24,3,+0.02%,0.6,0.31,0.3,0.6,0.31,,
Aug 19, 2014 12:00 ,1300.97,1301.01,1299.8,1299.86,-11.1,-0.09%,0.04,1.17,-1.11,1.17,0.04,,
Aug 19, 2014 11:00 ,1299.32,1300.99,1299.21,1300.89,15.7,+0.12%,1.67,0.11,1.57,1.67,0.11,,
Aug 19, 2014 10:00 ,1299.34,1300.19,1298.84,1299.35,0.1,+0.00%,0.85,0.5,0.01,0.85,0.5,,
Aug 19, 2014 09:00 ,1299.79,1300.04,1298.76,1299.34,-4.5,-0.03%,0.25,1.03,-0.45,1.03,0.25,,
Aug 19, 2014 08:00 ,1299.8,1300.49,1299.58,1299.7,-1,-0.01%,0.69,0.22,-0.1,0.69,0.22,,
Aug 19, 2014 07:00 ,1300.04,1300.34,1299.34,1299.69,-3.5,-0.03%,0.3,0.7,-0.35,0.7,0.3,,
Aug 19, 2014 06:00 ,1298.94,1300.14,1298.34,1300.04,11,+0.08%,1.2,0.6,1.1,1.2,0.6,,
Aug 19, 2014 05:00 ,1299.14,1299.54,1298.64,1298.99,-1.5,-0.01%,0.4,0.5,-0.15,0.5,0.4,,
Aug 19, 2014 04:00 ,1298.19,1299.69,1298.09,1299.14,9.5,+0.07%,1.5,0.1,0.95,1.5,0.1,,
Aug 19, 2014 03:00 ,1298.26,1298.35,1297.49,1298.19,-0.7,-0.01%,0.09,0.77,-0.07,0.77,0.09,,
Aug 19, 2014 02:00 ,1298.14,1298.57,1297.75,1298.02,-1.2,-0.01%,0.43,0.39,-0.12,0.43,0.39,,
Aug 19, 2014 01:00 ,1297.77,1298.71,1297.54,1298.2,4.3,+0.03%,0.94,0.23,0.43,0.94,0.23,,
Aug 18, 2014 23:00 ,1298.76,1299.36,1297.6,1297.6,-11.6,-0.09%,0.6,1.16,-1.16,1.16,0.6,,
Aug 18, 2014 22:00 ,1299.06,1299.26,1298.17,1298.76,-3,-0.02%,0.2,0.89,-0.3,0.89,0.2,,
Aug 18, 2014 21:00 ,1297.27,1299.89,1297.27,1299.06,17.9,+0.14%,2.62,0,1.79,2.62,0,,
Aug 18, 2014 20:00 ,1298.36,1298.67,1296.89,1297.34,-10.2,-0.08%,0.31,1.47,-1.02,1.47,0.31,,
Aug 18, 2014 19:00 ,1298.34,1299.27,1298.01,1298.36,0.2,+0.00%,0.93,0.33,0.02,0.93,0.33,,
Aug 18, 2014 18:00 ,1298.45,1299.73,1297.56,1298.34,-1.1,-0.01%,1.28,0.89,-0.11,1.28,0.89,,
Aug 18, 2014 17:00 ,1296.79,1299.68,1295.59,1298.49,17,+0.13%,2.89,1.2,1.7,2.89,1.2,,
Aug 18, 2014 16:00 ,1297.52,1298.04,1296.34,1296.84,-6.8,-0.05%,0.52,1.18,-0.68,1.18,0.52,,
Aug 18, 2014 15:00 ,1299.32,1301.32,1296.09,1297.64,-16.8,-0.13%,2,3.23,-1.68,3.23,2,,
Aug 18, 2014 14:00 ,1302.11,1302.7,1299.3,1299.3,-28.1,-0.22%,0.59,2.81,-2.81,2.81,0.59,,
Aug 18, 2014 13:00 ,1302.89,1303.06,1301.05,1302.14,-7.5,-0.06%,0.17,1.84,-0.75,1.84,0.17,,
Aug 18, 2014 12:00 ,1302.39,1303.69,1301.76,1302.89,5,+0.04%,1.3,0.63,0.5,1.3,0.63,,
Aug 18, 2014 11:00 ,1300.63,1302.59,1300.49,1302.34,17.1,+0.13%,1.96,0.14,1.71,1.96,0.14,,
Aug 18, 2014 10:00 ,1301.04,1301.59,1299.79,1300.59,-4.5,-0.03%,0.55,1.25,-0.45,1.25,0.55,,
Aug 18, 2014 09:00 ,1301.89,1301.9,1300.8,1301.04,-8.5,-0.07%,0.01,1.09,-0.85,1.09,0.01,,
Aug 18, 2014 08:00 ,1302.03,1302.09,1300.97,1301.85,-1.8,-0.01%,0.06,1.06,-0.18,1.06,0.06,,
Aug 18, 2014 07:00 ,1300.69,1302.17,1300.66,1301.99,13,+0.10%,1.48,0.03,1.3,1.48,0.03,,
Aug 18, 2014 06:00 ,1299.84,1300.75,1299.66,1300.74,9,+0.07%,0.91,0.18,0.9,0.91,0.18,,
Aug 18, 2014 05:00 ,1299.44,1300.27,1299.01,1299.89,4.5,+0.03%,0.83,0.43,0.45,0.83,0.43,,
Aug 18, 2014 04:00 ,1299.41,1299.84,1297.32,1299.34,-0.7,-0.01%,0.43,2.09,-0.07,2.09,0.43,,
Aug 18, 2014 03:00 ,1301.65,1301.73,1298.46,1299.31,-23.4,-0.18%,0.08,3.19,-2.34,3.19,0.08,,
Aug 18, 2014 02:00 ,1302.45,1302.67,1301.41,1301.71,-7.4,-0.06%,0.22,1.04,-0.74,1.04,0.22,,
Aug 18, 2014 01:00 ,1302.81,1302.95,1301.24,1302.45,-3.6,-0.03%,0.14,1.57,-0.36,1.57,0.14,,
Aug 15, 2014 23:00 ,1304.09,1304.92,1303.92,1304.68,5.9,+0.05%,0.83,0.17,0.59,0.83,0.17,,
Aug 15, 2014 22:00 ,1304.6,1306.35,1304.06,1304.19,-4.1,-0.03%,1.75,0.54,-0.41,1.75,0.54,,
Aug 15, 2014 21:00 ,1304.23,1305.35,1303.11,1304.59,3.6,+0.03%,1.12,1.12,0.36,1.12,1.12,,
Aug 15, 2014 20:00 ,1303.6,1305.47,1303.6,1304.21,6.1,+0.05%,1.87,0,0.61,1.87,0,,
Aug 15, 2014 19:00 ,1307.27,1310.14,1303.57,1303.67,-36,-0.28%,2.87,3.7,-3.6,3.7,2.87,,
Aug 15, 2014 18:00 ,1302.89,1308.31,1302.6,1307.24,43.5,+0.33%,5.42,0.29,4.35,5.42,0.29,,
Aug 15, 2014 17:00 ,1295.89,1306.91,1293.04,1302.94,70.5,+0.54%,11.02,2.85,7.05,11.02,2.85,,
Aug 15, 2014 16:00 ,1297.09,1297.09,1292.62,1295.79,-13,-0.10%,0,4.47,-1.3,4.47,0,,
Aug 15, 2014 15:00 ,1310.08,1310.08,1295.69,1297.14,-129.4,-1.00%,0,14.39,-12.94,14.39,0,,
Aug 15, 2014 14:00 ,1313.4,1313.56,1309.84,1310.11,-32.9,-0.25%,0.16,3.56,-3.29,3.56,0.16,,
Aug 15, 2014 13:00 ,1312.45,1313.72,1311.55,1313.39,9.4,+0.07%,1.27,0.9,0.94,1.27,0.9,,
Aug 15, 2014 12:00 ,1313.52,1315.11,1311.89,1312.45,-10.7,-0.08%,1.59,1.63,-1.07,1.63,1.59,,
Aug 15, 2014 11:00 ,1312.94,1313.9,1312.94,1313.47,5.3,+0.04%,0.96,0,0.53,0.96,0,,
Aug 15, 2014 10:00 ,1313.31,1313.64,1312.36,1313.04,-2.7,-0.02%,0.33,0.95,-0.27,0.95,0.33,,
Aug 15, 2014 09:00 ,1313.42,1313.99,1312.72,1313.23,-1.9,-0.01%,0.57,0.7,-0.19,0.7,0.57,,
Aug 15, 2014 08:00 ,1312.14,1313.64,1312.09,1313.43,12.9,+0.10%,1.5,0.05,1.29,1.5,0.05,,
Aug 15, 2014 07:00 ,1311.94,1312.42,1311.49,1312.09,1.5,+0.01%,0.48,0.45,0.15,0.48,0.45,,
Aug 15, 2014 06:00 ,1312.09,1312.4,1311.54,1311.94,-1.5,-0.01%,0.31,0.55,-0.15,0.55,0.31,,
Aug 15, 2014 05:00 ,1312.09,1312.18,1311.11,1312.02,-0.7,-0.01%,0.09,0.98,-0.07,0.98,0.09,,
Aug 15, 2014 04:00 ,1311.89,1312.59,1311.49,1312.09,2,+0.02%,0.7,0.4,0.2,0.7,0.4,,
Aug 15, 2014 03:00 ,1312.99,1313.04,1311.44,1311.94,-10.5,-0.08%,0.05,1.55,-1.05,1.55,0.05,,
Aug 15, 2014 02:00 ,1312.7,1313.19,1312.64,1312.99,2.9,+0.02%,0.49,0.06,0.29,0.49,0.06,,
Aug 15, 2014 01:00 ,1311.96,1312.86,1311.96,1312.59,6.3,+0.05%,0.9,0,0.63,0.9,0,,
